Word,Probability
overall business,0.04566214688551595
additional comments,0.04566214688551595
additional accomplishments,0.04566214688551595
,0.0
,0.0
,0.0
,0.0
,0.0
,0.0
,0.0
