Word,Probability
primary process,0.10231571044018214
wet end,0.042022410539569025
single control,0.042022410539569025
intelligent motor,0.042022410539569025
dry end,0.042022410539569025
deliberate way,0.042022410539569025
continuous process,0.042022410539569025
common platform,0.042022410539569025
basic process,0.042022410539569025
available areas,0.042022410539569025
