Word,Probability
heavy industries,0.025956328617198505
organic growth,0.013524490460483847
double digits,0.009787301139496394
macro outlook,0.009787301139496394
continued growth,0.009787301139496394
significant contributor,0.005554686450632687
sized chunks,0.005554686450632687
strong performance,0.005554686450632687
tangible bite,0.005554686450632687
unusual surge,0.005554686450632687
