Word,Probability
public safety,0.0244164657706966
gross margins,0.0244164657706966
organic growth,0.0244164657706966
strong demand,0.017494405090302544
effective tax,0.017494405090302544
commercial customers,0.017494405090302544
regional results,0.009788835904602191
several deals,0.009788835904602191
sequential backlog,0.009788835904602191
higher tax,0.009788835904602191
