Word,Probability
compelling value,0.04222767703016225
right sales,0.023732201563400418
solid performance,0.023732201563400418
right incentives,0.023732201563400418
right head,0.023732201563400418
right execution,0.023732201563400418
right products,0.023732201563400418
referral partners,0.023732201563400418
previous comments,0.023732201563400418
historical ability,0.023732201563400418
