Word,Probability
new business,0.09090643371857271
total bookings,0.02829468714711379
overall bookings,0.015901779727760683
relative size,0.015901779727760683
gross level,0.015901779727760683
multiple times,0.015901779727760683
different issue,0.015901779727760683
regulatory uncertainty,0.014147343573556894
,0.0
,0.0
