Word,Probability
particular competitor,0.015250488010893069
enormous amount,0.015250488010893069
great retention,0.015250488010893069
strategic partners,0.008570863492117251
referral business,0.008570863492117251
incredible accomplishment,0.008570863492117251
innovative ways,0.008570863492117251
great story,0.008570863492117251
important source,0.008570863492117251
great margin,0.008570863492117251
