Word,Probability
tight labor,0.03461492382728017
significant grow,0.03461492382728017
annual decline,0.03461492382728017
encouraging sign,0.03461492382728017
strong sales,0.030795874961223296
dual ops,0.030795874961223296
,0.0
,0.0
,0.0
,0.0
