Word,Probability
effective tax,0.018485124203362
multinational solutions,0.0138638431525215
organic basis,0.010546931632888206
relative basis,0.010546931632888206
corporate tax,0.010546931632888206
international business,0.009783318817479946
slight improvement,0.005927437287358288
unique solution,0.005927437287358288
unified view,0.005927437287358288
underlying pays,0.005927437287358288
