Word,Probability
direct discussions,0.018901899175137824
new regulations,0.018901899175137824
special license,0.010640421526190416
senior government,0.010640421526190416
public decision,0.010640421526190416
recent agreement,0.010640421526190416
fair basis,0.010640421526190416
continual conversation,0.010640421526190416
,0.0
,0.0
