Word,Probability
initial development,0.04538017942460775
normal fashion,0.025545805399655504
net unit,0.025545805399655504
half way,0.025545805399655504
bilateral relationships,0.025545805399655504
basic segments,0.025545805399655504
,0.0
,0.0
,0.0
,0.0
