Word,Probability
open pit,0.04924665211100931
complete mining,0.04924665211100931
tremendous resource,0.02772235384177862
massive block,0.02772235384177862
skilled group,0.02772235384177862
operational issue,0.02772235384177862
positive market,0.02772235384177862
major block,0.02772235384177862
major step,0.02772235384177862
good point,0.02772235384177862
