Word,Probability
current proposition,0.030304337778022706
big issue,0.030304337778022706
big asset,0.030304337778022706
underground development,0.026916675050870285
,0.0
,0.0
,0.0
,0.0
,0.0
,0.0
