Word,Probability
net interest,0.056901572128264646
joint venture,0.056901572128264646
adverse impact,0.032031528014075814
,0.0
,0.0
,0.0
,0.0
,0.0
,0.0
,0.0
