Word,Probability
long term,0.025563809139536587
new projects,0.015741847056422842
future development,0.010489889350994605
local community,0.007547768674058472
significant sulfide,0.007547768674058472
mine rate,0.007547768674058472
global marketplace,0.007547768674058472
new mill,0.007547768674058472
new copper,0.007547768674058472
voluntary contributions,0.004248855605990812
