Word,Probability
stringent level,0.02235366207424441
specific form,0.02235366207424441
next day,0.02235366207424441
much project,0.02235366207424441
key reason,0.02235366207424441
continuous complexity,0.02235366207424441
continued complexity,0.02235366207424441
automotive safety,0.02235366207424441
certain set,0.02235366207424441
automotive demands,0.02235366207424441
