Word,Probability
long time,0.02288923731892889
financial market,0.01309092811672872
virtual prototyping,0.01309092811672872
overall picture,0.007371100038818944
ongoing basis,0.007371100038818944
wide adoption,0.007371100038818944
stable outlook,0.007371100038818944
multiple chips,0.007371100038818944
new memory,0.007371100038818944
many companies,0.007371100038818944
