Word,Probability
rapid increase,0.009277610124047304
multiple threads,0.009277610124047304
multiple cores,0.009277610124047304
multiple computers,0.009277610124047304
massive number,0.009277610124047304
immediate fulfillment,0.009277610124047304
full flow,0.009277610124047304
delayed fulfillment,0.009277610124047304
compute environments,0.009277610124047304
big story,0.009277610124047304
