Word,Probability
strong outlook,0.08300838510380257
healthy business,0.0467394752461474
good growth,0.0467394752461474
excellent results,0.0467394752461474
big effort,0.0467394752461474
big issue,0.0467394752461474
complex chips,0.041504192551901284
leading edge,0.03628464324989296
,0.0
,0.0
