Word,Probability
net income,0.03844592925760786
convertible debentures,0.030535111398351626
free cash,0.02195789479653778
diluted earnings,0.02195789479653778
additional details,0.02195789479653778
diluted share,0.02195789479653778
operating income,0.02195789479653778
prior earnings,0.012350314343800317
reasonable estimate,0.012350314343800317
sequential decrease,0.012350314343800317
