Word,Probability
single digits,0.04346221553969467
organic sales,0.03579947899189693
organic growth,0.013650996565896753
new product,0.013650996565896753
overall sales,0.011378590248041724
free cash,0.011378590248041724
core margins,0.008977036305997594
new products,0.008977036305997594
diluted earnings,0.008977036305997594
strong order,0.006401448836426089
