Word,Probability
specific things,0.021078262082691066
higher profitability,0.021078262082691066
extraordinary customer,0.021078262082691066
differentiated customer,0.021078262082691066
combined business,0.021078262082691066
better products,0.021078262082691066
better growth,0.021078262082691066
better price,0.021078262082691066
better discount,0.021078262082691066
free cash,0.014457713503299914
