Word,Probability
great capability,0.09396658808560295
excellent integration,0.05823684781609491
digital transformation,0.05823684781609491
,0.0
,0.0
,0.0
,0.0
,0.0
,0.0
,0.0
