Word,Probability
unified network,0.04345364798585544
small locations,0.04345364798585544
profitable growth,0.04345364798585544
positive outcome,0.04345364798585544
global marketplace,0.04345364798585544
competitive capabilities,0.04345364798585544
,0.0
,0.0
,0.0
,0.0
