Word,Probability
free cash,0.030413400462200757
profitable revenue,0.021463325850008208
better solution,0.015570932495160771
great customer,0.015570932495160771
combined company,0.015570932495160771
new company,0.008868091425684782
operational excellence,0.008868091425684782
strong competitor,0.008868091425684782
total revenue,0.008868091425684782
full access,0.008868091425684782
