Word,Probability
unified command,0.02288775601391895
higher input,0.02288775601391895
smaller batch,0.012883643522786424
several items,0.012883643522786424
professional life,0.012883643522786424
raw pulp,0.012883643522786424
pressurized content,0.012883643522786424
partial operations,0.012883643522786424
normal seasonality,0.012883643522786424
pressurized vessel,0.012883643522786424
