Word,Probability
domestic containerboard,0.05668461409714757
industrial packaging,0.04504116667623434
higher prices,0.032407442143602055
fewer shipping,0.032407442143602055
solid results,0.01824232711190998
normal erosion,0.01824232711190998
global pulp,0.01824232711190998
higher containerboard,0.01824232711190998
lower prices,0.01824232711190998
lower pulp,0.01824232711190998
