Word,Probability
medical claims,0.01901488854700304
repeating items,0.01901488854700304
total impact,0.013681348551284056
special items,0.013681348551284056
previous slide,0.013681348551284056
effective tax,0.013681348551284056
upper end,0.007701306215364238
underlined plans,0.007701306215364238
normalized level,0.007701306215364238
significant portion,0.007701306215364238
