Word,Probability
wide range,0.019508356122831177
standalone business,0.019508356122831177
solid fleet,0.019508356122831177
significant product,0.019508356122831177
nice mix,0.019508356122831177
great start,0.019508356122831177
long runway,0.019508356122831177
incremental fluff,0.019508356122831177
higher growth,0.019508356122831177
different levels,0.019508356122831177
