Word,Probability
cultural fit,0.038081422165712135
whole revenue,0.02161572241934382
strong leadership,0.02161572241934382
operational performance,0.02161572241934382
improved safety,0.02161572241934382
new capability,0.02161572241934382
hard work,0.02161572241934382
bigger area,0.02161572241934382
better experience,0.02161572241934382
best filtration,0.02161572241934382
