Word,Probability
finite detail,0.020534851389156648
revised guidance,0.01165596299473671
natural things,0.01165596299473671
meaningful progress,0.01165596299473671
tremendous amount,0.01165596299473671
decentralized company,0.01165596299473671
major cost,0.01165596299473671
important measure,0.01165596299473671
major bucket,0.01165596299473671
highest priority,0.01165596299473671
