Word,Probability
organic growth,0.028736381871521725
organic sales,0.02213844065165044
high level,0.02213844065165044
adjusted basis,0.020392539547906364
top quartile,0.020392539547906364
overall segment,0.012566190039878838
steady progress,0.012566190039878838
financial objectives,0.012566190039878838
new guidance,0.012566190039878838
good number,0.012566190039878838
