Word,Probability
much board,0.06896444771885886
best approach,0.06896444771885886
,0.0
,0.0
,0.0
,0.0
,0.0
,0.0
,0.0
,0.0
