Word,Probability
higher sales,0.024848691203749967
adjusted profit,0.02285100595252567
higher end,0.022018314204574018
new equipment,0.019042504960438057
favorable price,0.01670009614463987
previous outlook,0.01670009614463987
strong demand,0.009609934198096129
improved price,0.009609934198096129
industrial applications,0.009609934198096129
higher estimate,0.009609934198096129
