Word,Probability
profitable growth,0.10668681336261997
segment sales,0.048668329549855956
new strategy,0.048668329549855956
long term,0.048668329549855956
geopolitical uncertainty,0.048668329549855956
operational excellence,0.04300839403410235
,0.0
,0.0
,0.0
,0.0
