Word,Probability
significant increase,0.043981749667277234
key areas,0.043981749667277234
higher steel,0.043981749667277234
flexible cost,0.043981749667277234
higher material,0.038866844978966565
higher production,0.038866844978966565
favorable impact,0.038866844978966565
profitable growth,0.03213775612404848
,0.0
,0.0
