Word,Probability
favorable change,0.08391029903349727
favorable dealer,0.06438066346209186
historical levels,0.06438066346209186
favorable changes,0.05594019935566484
significant reductions,0.03642660248516826
net change,0.03642660248516826
retail demand,0.03642660248516826
significant inventory,0.03642660248516826
favorable sales,0.03642660248516826
higher production,0.03219033173104593
