Word,Probability
regional centers,0.0289501615023757
new ways,0.020936574131997624
educational institutions,0.020936574131997624
large money,0.01930010766825047
operational efficiency,0.011871222880840242
similar challenges,0.011871222880840242
local community,0.011871222880840242
medical costs,0.011871222880840242
central banks,0.011871222880840242
digital channels,0.011871222880840242
