Word,Probability
entire practice,0.038151090640528997
strong growth,0.035169085084367516
strong demand,0.021632006138419993
service line,0.021632006138419993
regional banks,0.021632006138419993
strong performance,0.021632006138419993
overall performance,0.021632006138419993
larger scale,0.021632006138419993
future growth,0.021632006138419993
large enterprise,0.021632006138419993
