Word,Probability
specific solutions,0.03843580027217473
repeatable industry,0.03843580027217473
advanced analytics,0.03843580027217473
digital scale,0.03843580027217473
digital commerce,0.03543154094320608
traditional phone,0.021793439020049994
right content,0.021793439020049994
right person,0.021793439020049994
right time,0.021793439020049994
new experiences,0.021793439020049994
