Word,Probability
profitable growth,0.025540134581657166
strong foundation,0.018457302940578815
strong leadership,0.018457302940578815
significant search,0.018457302940578815
high performance,0.018457302940578815
iconic core,0.018457302940578815
long term,0.018457302940578815
new talent,0.010454891707726743
strong bench,0.010454891707726743
upcoming fall,0.010454891707726743
