Word,Probability
reported basis,0.12449433566643277
total debt,0.07644290949935267
double digit,0.0674770230879602
,0.0
,0.0
,0.0
,0.0
,0.0
,0.0
,0.0
