Word,Probability
foreign tourism,0.018262674087075347
related charges,0.018262674087075347
gross margin,0.01206079231219485
wholesale closures,0.010344646803954579
unprofitable stores,0.010344646803954579
significant improvement,0.010344646803954579
positive impact,0.010344646803954579
promotional activity,0.010344646803954579
retail partners,0.010344646803954579
sequential recovery,0.010344646803954579
