Word,Probability
gross margin,0.14601257075827384
topline growth,0.02504725119766024
substantial improvement,0.02504725119766024
proactive expense,0.02504725119766024
near term,0.02504725119766024
efficient cost,0.02504725119766024
current spot,0.02504725119766024
current pressures,0.02504725119766024
current exchange,0.022109492671374197
,0.0
