Word,Probability
wholesale partners,0.029437568146022303
wholesale customers,0.029437568146022303
wholesale shipments,0.01667451566983047
wholesale doors,0.01667451566983047
wholesale business,0.01667451566983047
right balance,0.01667451566983047
longer lead,0.01667451566983047
initial feedback,0.01667451566983047
right size,0.014718784073011151
,0.0
