Word,Probability
significant progress,0.023161641069064987
new standards,0.023161641069064987
known security,0.023161641069064987
key acquisitions,0.023161641069064987
initial entry,0.023161641069064987
,0.0
,0.0
,0.0
,0.0
,0.0
