Word,Probability
financial sector,0.01701782130872681
advanced nodes,0.01701782130872681
rapid reaction,0.00957063202393008
strong competition,0.00957063202393008
rapid pace,0.00957063202393008
positive words,0.00957063202393008
global economy,0.00957063202393008
strong balance,0.00957063202393008
fractured companies,0.00957063202393008
different levels,0.00957063202393008
