Word,Probability
specific processors,0.02440220632594968
many people,0.02440220632594968
advanced chips,0.02440220632594968
complex software,0.02440220632594968
high interest,0.013723527417573751
right mind,0.013723527417573751
many processes,0.013723527417573751
many companies,0.013723527417573751
overall verification,0.013723527417573751
regularly semiconductor,0.013723527417573751
