Word,Probability
digital intelligence,0.029664068679411706
various forms,0.009526730042168932
significant activity,0.009526730042168932
massive amounts,0.009526730042168932
next wave,0.009526730042168932
many firsts,0.009526730042168932
functional safety,0.009526730042168932
electronic systems,0.009526730042168932
many sources,0.009526730042168932
automotive temperature,0.009526730042168932
