Word,Probability
adjusted operating,0.04967541215091046
seasonal factors,0.02944952828375379
integrated care,0.02944952828375379
political landscape,0.017052331936923508
good position,0.017052331936923508
higher payroll,0.017052331936923508
financial impact,0.017052331936923508
fewer treatment,0.017052331936923508
comorbid conditions,0.017052331936923508
clinical performance,0.017052331936923508
