Word,Probability
wide distribution,0.09985759590468239
best stab,0.05782112553324638
additional color,0.05782112553324638
additional detail,0.049928797952341196
,0.0
,0.0
,0.0
,0.0
,0.0
,0.0
