Word,Probability
prior period,0.035436190963662094
successful plan,0.021949459225333125
medical claims,0.021949459225333125
medical cost,0.021949459225333125
medical utilization,0.021949459225333125
faster pace,0.021949459225333125
incremental dollars,0.021949459225333125
higher compensation,0.021949459225333125
meaningful portion,0.021949459225333125
lower mail,0.021949459225333125
