Word,Probability
steady cash,0.012574663735910208
full risk,0.012574663735910208
certain contracts,0.012574663735910208
financial headwinds,0.012574663735910208
regulatory limitations,0.007159242073496772
steady way,0.007159242073496772
tax basis,0.007159242073496772
new standalone,0.007159242073496772
lower penetration,0.007159242073496772
negative impact,0.007159242073496772
