Word,Probability
national basis,0.04161740173684089
right level,0.038253294010982514
clinical health,0.02369439531437634
good results,0.02369439531437634
good benefits,0.02369439531437634
fair way,0.02369439531437634
best decision,0.02369439531437634
charitable contribution,0.02369439531437634
appropriate thing,0.02369439531437634
right time,0.020808700868420446
