Word,Probability
usual cost,0.029341764145782104
tax target,0.029341764145782104
tax guidance,0.029341764145782104
tax earnings,0.029341764145782104
previous guidance,0.029341764145782104
previous expectation,0.029341764145782104
consolidated operating,0.029341764145782104
open enrollment,0.029341764145782104
tax income,0.025768287603898897
financial performance,0.025768287603898897
