Word,Probability
effective tax,0.02374707121800522
strong cash,0.01338220569882215
net cash,0.01338220569882215
large part,0.01338220569882215
individual growth,0.01338220569882215
initial shares,0.01338220569882215
final investment,0.01338220569882215
cumulative correction,0.01338220569882215
combined impact,0.01338220569882215
average cost,0.01338220569882215
