Word,Probability
financial measures,0.05993421540745846
financial results,0.05993421540745846
supplemental information,0.034464049402377434
prepared remarks,0.034464049402377434
important factors,0.034464049402377434
ongoing results,0.034464049402377434
free cash,0.034464049402377434
economic profit,0.034464049402377434
,0.0
,0.0
