Word,Probability
unfavorable mix,0.026656787666689375
tracked channels,0.026656787666689375
strong merchandising,0.026656787666689375
professional products,0.026656787666689375
single digits,0.026656787666689375
weaker volume,0.0153284870888481
strong momentum,0.0153284870888481
strong growth,0.0153284870888481
strategic choice,0.0153284870888481
slight gain,0.0153284870888481
