Word,Probability
personal care,0.019698076447671832
organic growth,0.019698076447671832
laundry detergent,0.019698076447671832
private label,0.016530315587498543
dry shampoo,0.016530315587498543
international business,0.013145711362833863
deep value,0.013145711362833863
long time,0.009468183404842422
good growth,0.009468183404842422
middle class,0.009468183404842422
