Word,Probability
higher water,0.05135686839918217
deeper understanding,0.05135686839918217
bright future,0.05135686839918217
bigger transactions,0.05135686839918217
,0.0
,0.0
,0.0
,0.0
,0.0
,0.0
