Word,Probability
top line,0.018124452289332186
adjusted core,0.014428291409451479
material inflation,0.013593339216999139
high end,0.010405304962469013
normal seasonality,0.010405304962469013
industrial side,0.010405304962469013
stronger balance,0.005876534237035155
strong margin,0.005876534237035155
ongoing softness,0.005876534237035155
muted spending,0.005876534237035155
