Word,Probability
pure play,0.03564170173349724
next chapters,0.03564170173349724
initial timeline,0.03564170173349724
continued interest,0.03564170173349724
,0.0
,0.0
,0.0
,0.0
,0.0
,0.0
