Word,Probability
significant shifts,0.24212561543998642
right one,0.24212561543998642
,0.0
,0.0
,0.0
,0.0
,0.0
,0.0
,0.0
,0.0
