Word,Probability
comparable sales,0.022537811591364126
total sales,0.015633514534679562
strategic acquisitions,0.013096579436491281
double digit,0.013096579436491281
new stores,0.010393744753206861
improved results,0.010393744753206861
net income,0.007466971538139893
quarterly performance,0.007466971538139893
lower fuel,0.007466971538139893
retail sales,0.007466971538139893
