Word,Probability
heavy duty,0.019237385906409166
manual torque,0.019237385906409166
natural resources,0.017769539601565843
new products,0.015927053911913954
tough environments,0.010876615373024522
particular progress,0.010876615373024522
primary drivers,0.010876615373024522
specific headwinds,0.010876615373024522
strong line,0.010876615373024522
nice margins,0.010876615373024522
