Word,Probability
double digits,0.03840481768224957
weaker tool,0.021713679417419862
tertiary effect,0.021713679417419862
slim design,0.021713679417419862
full range,0.021713679417419862
considerable time,0.021713679417419862
primary driver,0.019202408841124785
initial effect,0.019202408841124785
new products,0.01589809563207411
critical industries,0.015244279314396855
