Word,Probability
new product,0.03453454577973611
different experience,0.02779338245373119
robust market,0.017012141993705023
strong franchise,0.017012141993705023
initial venue,0.017012141993705023
better computer,0.017012141993705023
,0.0
,0.0
,0.0
,0.0
