Word,Probability
new product,0.024146664479456917
big orders,0.02103849574226819
monthly events,0.02103849574226819
significant changes,0.011894943903965064
recent periods,0.011894943903965064
big events,0.011894943903965064
different thing,0.011894943903965064
abundant market,0.011894943903965064
whole bunch,0.010519247871134094
,0.0
