Word,Probability
ongoing achievement,0.05633265886594775
encouraging result,0.05633265886594775
broad growth,0.05633265886594775
,0.0
,0.0
,0.0
,0.0
,0.0
,0.0
,0.0
