Word,Probability
single digit,0.036074001155340506
organic sales,0.027962227378748265
critical industries,0.01934106948770074
automotive repair,0.016877988306677593
broad gains,0.016877988306677593
undercar equipment,0.016877988306677593
organic growth,0.0121814588957539
independent repair,0.0121814588957539
varying increases,0.006887268558005147
strong volume,0.006887268558005147
