Word,Probability
various things,0.010440773890063516
medical loss,0.007534908887157772
operational efficiencies,0.007534908887157772
mixed bag,0.007534908887157772
successful projects,0.004259694162008506
significant opportunities,0.004259694162008506
retroactive adjustment,0.004259694162008506
overall amount,0.004259694162008506
premium tax,0.004259694162008506
net income,0.004259694162008506
