Word,Probability
taxable yields,0.06949245243369691
permanent tax,0.06949245243369691
incremental commentary,0.06949245243369691
fair share,0.06949245243369691
primary driver,0.061462076562106706
,0.0
,0.0
,0.0
,0.0
,0.0
