Word,Probability
obvious item,0.11067316498699876
exact membership,0.11067316498699876
,0.0
,0.0
,0.0
,0.0
,0.0
,0.0
,0.0
,0.0
