Word,Probability
regulatory changes,0.014222992764476847
personal ability,0.014222992764476847
deliberate steps,0.014222992764476847
good relationship,0.014222992764476847
significant shareholder,0.012662464548950246
big portion,0.012662464548950246
,0.0
,0.0
,0.0
,0.0
