Word,Probability
retail sales,0.019144954932371876
average transaction,0.019144954932371876
tougher business,0.010752194188845127
strategic plan,0.010752194188845127
total sales,0.010752194188845127
significant moves,0.010752194188845127
softer industry,0.010752194188845127
retail market,0.010752194188845127
relentless focus,0.010752194188845127
overall industry,0.010752194188845127
