Word,Probability
autonomous vehicles,0.03889619643274363
electric vehicles,0.024436991353450954
personal mobility,0.018574409917830992
final validation,0.018574409917830992
electric vehicle,0.018574409917830992
autonomous vehicle,0.018574409917830992
transformative technologies,0.010431764560700735
mass production,0.010431764560700735
next winter,0.010431764560700735
right investments,0.010431764560700735
