Word,Probability
net sales,0.09298989824503694
sequential growth,0.05351417371961715
strong sales,0.03028007242663055
,0.0
,0.0
,0.0
,0.0
,0.0
,0.0
,0.0
