Word,Probability
small cell,0.0643483315892329
pancreatic cancer,0.059405631460764684
poor performance,0.03641039383815698
negative breast,0.03641039383815698
important congresses,0.03641039383815698
exciting time,0.03641039383815698
elderly patients,0.03641039383815698
,0.0
,0.0
,0.0
