Word,Probability
gross margins,0.052609799371231274
gross margin,0.052609799371231274
overhead management,0.030090459076546765
unfavorable mix,0.030090459076546765
overhead costs,0.030090459076546765
key enabler,0.030090459076546765
higher input,0.030090459076546765
key element,0.030090459076546765
better pricing,0.030090459076546765
net productivity,0.022541996511191188
