Word,Probability
real drivers,0.06367980874338966
easier compares,0.06367980874338966
,0.0
,0.0
,0.0
,0.0
,0.0
,0.0
,0.0
,0.0
