Word,Probability
lost consumption,0.02032905198633565
net productivity,0.017420990934338836
overhead reductions,0.011627311150597688
shorter supply,0.011627311150597688
incremental pricing,0.011627311150597688
complex equation,0.011627311150597688
,0.0
,0.0
,0.0
,0.0
