Word,Probability
good progress,0.032457571137505394
multiple quarters,0.01856428322688648
incremental capacity,0.01856428322688648
full portfolio,0.01856428322688648
financial results,0.01856428322688648
,0.0
,0.0
,0.0
,0.0
,0.0
