Word,Probability
net revenue,0.10245369832438195
negative impact,0.10245369832438195
unprecedented malware,0.025237159225490833
annual basis,0.025237159225490833
,0.0
,0.0
,0.0
,0.0
,0.0
,0.0
