Word,Probability
solid results,0.05160557691870184
strong results,0.03444316699327995
solid trends,0.03444316699327995
soft category,0.03444316699327995
small decline,0.03444316699327995
significant change,0.03444316699327995
overall category,0.03444316699327995
economic weakness,0.03444316699327995
economic conditions,0.03444316699327995
,0.0
