Word,Probability
white space,0.021144646918654482
stronger peak,0.021144646918654482
solid vol,0.021144646918654482
solid share,0.021144646918654482
solid performance,0.021144646918654482
solid operating,0.021144646918654482
solid growth,0.021144646918654482
new product,0.021144646918654482
healthy velocity,0.021144646918654482
difficult price,0.021144646918654482
