Word,Probability
important element,0.022892305013573068
gross savings,0.022892305013573068
free cash,0.022892305013573068
lower equipment,0.018639166029824013
,0.0
,0.0
,0.0
,0.0
,0.0
,0.0
