Word,Probability
related costs,0.018883479457782584
annual savings,0.018883479457782584
smaller location,0.010696949797251415
reverse stock,0.010696949797251415
service retirement,0.010696949797251415
original estimate,0.010696949797251415
underpenetrated account,0.010696949797251415
financial results,0.010696949797251415
normal adjustments,0.010696949797251415
major warehouses,0.010696949797251415
