Word,Probability
strong margins,0.03860934461628409
negative impact,0.03860934461628409
top line,0.021871086946053078
senior note,0.021871086946053078
significant amount,0.021871086946053078
prepared remarks,0.021871086946053078
operational strides,0.021871086946053078
operational progress,0.021871086946053078
moderate impact,0.021871086946053078
good setup,0.021871086946053078
