Word,Probability
lower end,0.03057616384892407
high end,0.03057616384892407
higher declines,0.022097688727192383
negative margin,0.022097688727192383
single digits,0.022097688727192383
total revenues,0.022097688727192383
total revenue,0.02038410923261605
lower equipment,0.02038410923261605
new product,0.02038410923261605
weaker signings,0.01251770720954953
