Word,Probability
wide program,0.023915944668651542
taxable service,0.023915944668651542
strategic cost,0.023915944668651542
smaller size,0.023915944668651542
significant part,0.023915944668651542
rigorous process,0.023915944668651542
greater dispatch,0.023915944668651542
greater machine,0.023915944668651542
greater customer,0.023915944668651542
functional spend,0.023915944668651542
