Word,Probability
different ways,0.01982665832612675
healthy pipeline,0.01982665832612675
next generation,0.01651220216084975
strategic partner,0.011171945433509379
total package,0.011171945433509379
continuous innovation,0.011171945433509379
competitive positioning,0.011171945433509379
several machine,0.011171945433509379
public companies,0.011171945433509379
new asset,0.011171945433509379
