Word,Probability
tremendous efficiency,0.04289089540557097
outstanding shareholder,0.04289089540557097
nice return,0.04289089540557097
consistent shareholder,0.04289089540557097
balanced approach,0.03805886510854401
,0.0
,0.0
,0.0
,0.0
,0.0
