Word,Probability
global capital,0.02667851818883232
new ways,0.024701542967735902
next generation,0.02221862496643753
trade risk,0.01503283834067806
unique sets,0.01503283834067806
primary area,0.01503283834067806
public offering,0.01503283834067806
relative strength,0.01503283834067806
preferred venue,0.01503283834067806
modular architecture,0.01503283834067806
