Word,Probability
sustainable level,0.017084674214475345
strategic approach,0.017084674214475345
standard sweep,0.017084674214475345
specific goals,0.017084674214475345
slight decline,0.017084674214475345
measured approach,0.017084674214475345
dynamic conversation,0.017084674214475345
incremental market,0.017084674214475345
competitive environment,0.017084674214475345
daily volumes,0.017084674214475345
