Word,Probability
organic growth,0.06269282251662066
exciting area,0.023208604309261378
advisory business,0.013077607767583472
strong momentum,0.013077607767583472
shorter time,0.013077607767583472
special part,0.013077607767583472
highest quarters,0.013077607767583472
highest growth,0.013077607767583472
great growth,0.013077607767583472
portal space,0.013077607767583472
