Word,Probability
open interest,0.017691645172339017
complex order,0.014843372962080763
institutional investors,0.00849713928262575
organic opportunities,0.00849713928262575
corporate clients,0.007867470359747266
different choices,0.004787976614361162
pro rata,0.004787976614361162
significant delays,0.004787976614361162
significant upside,0.004787976614361162
spectacular technology,0.004787976614361162
