Word,Probability
variable compensation,0.01868996765822699
higher capacity,0.01868996765822699
high capacity,0.01868996765822699
free cash,0.01868996765822699
consolidated revenue,0.01868996765822699
overall profitability,0.010473074923567933
overall cost,0.010473074923567933
refreshed portfolio,0.010473074923567933
quarterly dividend,0.010473074923567933
structural shifts,0.010473074923567933
