Word,Probability
gross margin,0.27135999552702394
competitive activity,0.1266388435270386
higher shipping,0.0701739970847324
,0.0
,0.0
,0.0
,0.0
,0.0
,0.0
,0.0
