Word,Probability
private brands,0.013880356121869308
national brands,0.011963055237114542
exclusive brand,0.009958590091062768
warm weather,0.009958590091062768
private brand,0.007844562461404721
strong performance,0.007844562461404721
competitive store,0.007844562461404721
lower inventory,0.005582943341872937
digital business,0.005582943341872937
exclusive brands,0.005582943341872937
