Word,Probability
next stop,0.05793457976839229
urban infill,0.032845161657627665
smaller wins,0.032845161657627665
major leases,0.032845161657627665
larger scale,0.032845161657627665
long time,0.032845161657627665
large anchor,0.032845161657627665
large signing,0.032845161657627665
dominant presence,0.032845161657627665
digital relationship,0.032845161657627665
