Word,Probability
leasing spreads,0.03190328987319708
new leases,0.023070145858554426
forward equity,0.023070145858554426
unique move,0.013079281375968064
overall portfolio,0.013079281375968064
positive mark,0.013079281375968064
special situations,0.013079281375968064
steady progress,0.013079281375968064
current backlog,0.013079281375968064
negative cash,0.013079281375968064
