Word,Probability
highest signings,0.053637052982180966
colo interconnection,0.053637052982180966
average lag,0.053637052982180966
historical average,0.04730438164575151
,0.0
,0.0
,0.0
,0.0
,0.0
,0.0
