Word,Probability
top cloud,0.019429467656880594
general ledger,0.01494544231706352
multiple markets,0.01494544231706352
geographic regions,0.01494544231706352
digital economy,0.01231447896246191
vibrant customers,0.008473099673996702
whole bunch,0.008473099673996702
specialized cloud,0.008473099673996702
small scale,0.008473099673996702
single tenant,0.008473099673996702
