Word,Probability
low end,0.014902247397072004
higher end,0.014902247397072004
quarterly distribution,0.014902247397072004
back half,0.012915542084053572
digital economy,0.012278887982801617
rental property,0.008448610946615209
sized wins,0.008448610946615209
skilled resources,0.008448610946615209
higher property,0.008448610946615209
quarterly granularity,0.008448610946615209
