Word,Probability
less units,0.031419753349943756
less labor,0.031419753349943756
early innings,0.031419753349943756
big investment,0.031419753349943756
,0.0
,0.0
,0.0
,0.0
,0.0
,0.0
