Word,Probability
unproductive event,0.01592990295893507
significant sales,0.01592990295893507
quarterly cash,0.01592990295893507
nice margin,0.01592990295893507
new rules,0.01592990295893507
net income,0.01592990295893507
markdown levels,0.01592990295893507
lower store,0.01592990295893507
higher tax,0.01592990295893507
dramatic improvement,0.01592990295893507
