Word,Probability
commerce fulfillment,0.02905355973118671
seasonal carryover,0.01653190510563901
proprietary brands,0.01653190510563901
promotional benefit,0.01653190510563901
warm weather,0.01653190510563901
lower levels,0.01653190510563901
lower inventory,0.01653190510563901
gross margin,0.01653190510563901
key initiatives,0.01653190510563901
current fleet,0.01653190510563901
