Word,Probability
free products,0.05708534692672924
firm believers,0.05708534692672924
free offer,0.05708534692672924
delightful end,0.05708534692672924
best offering,0.05708534692672924
free offerings,0.05050766579103882
slow start,0.04666975498360547
,0.0
,0.0
,0.0
