Word,Probability
artificial intelligence,0.035943698826004206
new entrants,0.023962465884002804
strong momentum,0.014655162413952491
real material,0.014655162413952491
maximum deductions,0.014655162413952491
less time,0.014655162413952491
intelligent algorithms,0.014655162413952491
,0.0
,0.0
,0.0
