Word,Probability
online ecosystem,0.03021355493840432
assisted method,0.017359426867623817
profitable growth,0.009810084169077856
prior periods,0.009810084169077856
several innovations,0.009810084169077856
select markets,0.009810084169077856
lower rate,0.009810084169077856
potential customers,0.009810084169077856
many times,0.009810084169077856
notable pickup,0.009810084169077856
