Word,Probability
good weekend,0.043751543265011454
financial details,0.043751543265011454
consistent set,0.043751543265011454
,0.0
,0.0
,0.0
,0.0
,0.0
,0.0
,0.0
