Word,Probability
competitive tax,0.014352651983921721
early days,0.014352651983921721
main drivers,0.014352651983921721
slow start,0.013262041334989374
total number,0.008110908561984534
free category,0.008110908561984534
good lifeline,0.008110908561984534
far season,0.008110908561984534
future monetization,0.008110908561984534
alternative method,0.008110908561984534
