Word,Probability
joint venture,0.037974481849415286
total sales,0.025546964310858043
effective tax,0.025546964310858043
total ticket,0.010508944842841752
supplemental reference,0.010508944842841752
total customer,0.010508944842841752
less week,0.010508944842841752
open market,0.010508944842841752
incremental expense,0.010508944842841752
average ticket,0.010508944842841752
