Word,Probability
new store,0.23995424057822
favorable leverage,0.23995424057822
,0.0
,0.0
,0.0
,0.0
,0.0
,0.0
,0.0
,0.0
