Word,Probability
back half,0.046617304624190226
incremental investments,0.03723334160199523
indirect spend,0.026962256394788466
longer term,0.026962256394788466
amplified marketing,0.026962256394788466
better line,0.026962256394788466
top line,0.015316228122014042
successful holiday,0.015316228122014042
incremental advertising,0.015316228122014042
new stores,0.015316228122014042
