Word,Probability
top line,0.015707700124434884
organic sales,0.011296075766111182
additional savings,0.011296075766111182
cumulative savings,0.011296075766111182
key retailers,0.011296075766111182
foreign exchange,0.011296075766111182
favorable pricing,0.011296075766111182
strong market,0.006354024688559489
unfavorable input,0.006354024688559489
unfavorable product,0.006354024688559489
