Word,Probability
initial expectations,0.16153015424267902
special items,0.1446565377375597
diluted share,0.1446565377375597
,0.0
,0.0
,0.0
,0.0
,0.0
,0.0
,0.0
