Word,Probability
good question,0.14090928348829446
final question,0.14090928348829446
,0.0
,0.0
,0.0
,0.0
,0.0
,0.0
,0.0
,0.0
