Word,Probability
operational excellence,0.01157961113000792
average realizations,0.01157961113000792
incremental capacity,0.007651287604069931
saw logs,0.007651287604069931
average log,0.005473851451075171
strong results,0.005473851451075171
current prices,0.005473851451075171
strong demand,0.005473851451075171
wet weather,0.0030561773529994645
small amounts,0.0030561773529994645
