Word,Probability
small group,0.035568150142862014
large group,0.035568150142862014
medical benefit,0.032342192984374865
total health,0.025762703982199774
medical cost,0.025762703982199774
compliant individual,0.025762703982199774
strong underwriting,0.025762703982199774
premium yields,0.018593881800384914
continued repositioning,0.018593881800384914
higher premium,0.018593881800384914
