Word,Probability
tax margin,0.021509826604111264
small group,0.016458418966310076
large group,0.016458418966310076
strong result,0.012161429408941877
absolute rate,0.012161429408941877
strong growth,0.012161429408941877
prior earnings,0.012161429408941877
procurement processes,0.012161429408941877
high end,0.012161429408941877
overall sort,0.012161429408941877
