Word,Probability
top line,0.04319051476910249
previous question,0.018718689152948158
overall equation,0.018718689152948158
meaningful part,0.018718689152948158
meaningful number,0.018718689152948158
good job,0.018718689152948158
forward outlook,0.018718689152948158
directional commentary,0.018718689152948158
adjusted earnings,0.012255548198150557
,0.0
