Word,Probability
adjusted earnings,0.0627195701905352
quarterly shareholder,0.056477673062131716
adjusted revenue,0.04911862463937145
strong performance,0.031931881496205676
basic share,0.031931881496205676
additional capital,0.028238836531065858
,0.0
,0.0
,0.0
,0.0
