Word,Probability
organic sales,0.025866434652827813
organic growth,0.025866434652827813
mass channel,0.01809380899841701
higher growth,0.01809380899841701
good progress,0.01809380899841701
back half,0.01809380899841701
international businesses,0.01586266731081519
,0.0
,0.0
,0.0
