Word,Probability
prior acquisitions,0.02094002614423542
next phase,0.02094002614423542
net savings,0.02094002614423542
net cost,0.02094002614423542
incremental cash,0.02094002614423542
gross cost,0.02094002614423542
full revenue,0.02094002614423542
annual basis,0.02094002614423542
current plan,0.02094002614423542
adjusted results,0.02094002614423542
