Word,Probability
gross margin,0.04804067263697792
strong start,0.034886577929123794
overall results,0.01989675082032333
gross profit,0.01989675082032333
flat relative,0.01989675082032333
bottom line,0.01989675082032333
,0.0
,0.0
,0.0
,0.0
