Word,Probability
organic sales,0.05602379654946584
organic growth,0.05602379654946584
global footprint,0.042054295984394995
mass retailer,0.02612610738556475
receivable management,0.02612610738556475
strong competency,0.02612610738556475
modest contribution,0.02612610738556475
largest business,0.02612610738556475
largest vendors,0.02612610738556475
sequential improvement,0.022904505602999503
