Word,Probability
larger projects,0.056109290921984405
numerous utilities,0.0318464711580515
medium transmission,0.0318464711580515
larger transmission,0.0318464711580515
various levels,0.0318464711580515
directional drilling,0.0318464711580515
important engineering,0.0318464711580515
full scale,0.0318464711580515
downstream support,0.0318464711580515
additional projects,0.0318464711580515
