Word,Probability
electric power,0.024526759673358944
long term,0.01913293914396181
natural gas,0.018203720669151473
multiyear capital,0.01278126653996998
back half,0.01278126653996998
multiyear cycle,0.01278126653996998
high end,0.009249901220834385
electric side,0.009249901220834385
overall economy,0.009249901220834385
multiyear view,0.008520844359979986
