Word,Probability
compete agreement,0.03839056747293669
true partner,0.021789690792351022
strong execution,0.021789690792351022
select projects,0.021789690792351022
strategic partnerships,0.021789690792351022
private infrastructure,0.021789690792351022
overall structure,0.021789690792351022
operational excellence,0.021789690792351022
private partnerships,0.021789690792351022
important part,0.021789690792351022
