Word,Probability
little pressure,0.054271224077411
larger pipeline,0.04844659127938089
long term,0.04062070156718046
large pipeline,0.03927650364538908
right answer,0.022292529810636046
significant pipeline,0.022292529810636046
robust environment,0.022292529810636046
faster book,0.022292529810636046
larger diameter,0.022292529810636046
ancillary businesses,0.022292529810636046
