Word,Probability
good shape,0.11474034772810293
ongoing opportunities,0.06512424439062216
full expectations,0.06512424439062216
,0.0
,0.0
,0.0
,0.0
,0.0
,0.0
,0.0
