Word,Probability
refined products,0.05423605021150742
long term,0.0413913067737318
overall summary,0.030695625893339545
industrial demand,0.030695625893339545
commercial market,0.030695625893339545
open season,0.0206956533868659
,0.0
,0.0
,0.0
,0.0
