Word,Probability
long term,0.0320395275695063
provincial level,0.027988122167970402
environmental approval,0.027988122167970402
vast majority,0.015840256142819604
provincial approval,0.015840256142819604
strong support,0.015840256142819604
firm transportation,0.015840256142819604
promote payment,0.015840256142819604
federal governments,0.015840256142819604
detailed plans,0.015840256142819604
