Word,Probability
joint venture,0.024731963420077396
unsold capacity,0.017862726434848004
liquids part,0.017862726434848004
good offering,0.017862726434848004
different projects,0.017862726434848004
long term,0.013632290456194943
open season,0.013632290456194943
primary customer,0.010109651531424117
positive indication,0.010109651531424117
new customer,0.010109651531424117
