Word,Probability
downstream connectivity,0.030130832773732547
open season,0.02491223141579076
upstream connectivity,0.021762074201290917
small project,0.012316540119364932
moving parts,0.012316540119364932
significant investment,0.012316540119364932
main development,0.012316540119364932
liquids terminal,0.012316540119364932
intrastate network,0.012316540119364932
intrastate system,0.012316540119364932
