Word,Probability
latter part,0.04473315252487577
critical issue,0.025317332467583473
,0.0
,0.0
,0.0
,0.0
,0.0
,0.0
,0.0
,0.0
