Word,Probability
complete response,0.021723288605052408
good progress,0.021723288605052408
various health,0.012427409411670753
thorough approach,0.012427409411670753
overall business,0.012427409411670753
sustainable quality,0.012427409411670753
material impact,0.012427409411670753
new guidance,0.012427409411670753
key pipeline,0.012427409411670753
entire network,0.012427409411670753
