Word,Probability
potential impact,0.1167427003536907
good position,0.07290746854846843
,0.0
,0.0
,0.0
,0.0
,0.0
,0.0
,0.0
,0.0
