Word,Probability
net sales,0.07214704074400177
total business,0.024088370665793533
new products,0.024088370665793533
net impact,0.024088370665793533
lower pricing,0.024088370665793533
high volumes,0.024088370665793533
,0.0
,0.0
,0.0
,0.0
