Word,Probability
next month,0.02680421637811339
human practice,0.02680421637811339
greater focus,0.02680421637811339
global regulators,0.02680421637811339
complex generics,0.02680421637811339
clinical endpoints,0.02680421637811339
,0.0
,0.0
,0.0
,0.0
