Word,Probability
foreign exchange,0.022793941324871995
gross margins,0.018435890052458593
natural hedge,0.011335900736331122
previous scanner,0.011335900736331122
sequential increase,0.011335900736331122
modern day,0.011335900736331122
monetary balance,0.011335900736331122
important aspect,0.011335900736331122
lower manufacturing,0.011335900736331122
higher volumes,0.011335900736331122
