Word,Probability
new standard,0.0316506460074511
free cash,0.0316506460074511
excess tax,0.029180733948063295
lower media,0.017942714048916748
less capital,0.017942714048916748
extra tax,0.017942714048916748
effective tax,0.017942714048916748
additional manufacturing,0.017942714048916748
continued investment,0.017942714048916748
corporate structure,0.01582532300372555
