Word,Probability
good volume,0.04263682065466553
gross margin,0.0393095837482175
strong shipments,0.024170763553499418
unfilled backlog,0.024170763553499418
strong revenue,0.024170763553499418
several months,0.024170763553499418
new orders,0.024170763553499418
new territories,0.024170763553499418
latter stages,0.024170763553499418
geographic expansion,0.024170763553499418
