Word,Probability
international doctors,0.047093659737963534
promotional activity,0.03405317029184508
clear aligner,0.029515767612960854
foreign exchange,0.02587827001899659
strong demand,0.01930470224404904
total number,0.01930470224404904
total doctors,0.01930470224404904
international markets,0.01930470224404904
new products,0.01930470224404904
ortho utilization,0.01930470224404904
