Word,Probability
hybrid cloud,0.0722991668366753
digital transformation,0.0722991668366753
cloud access,0.0722991668366753
standalone automation,0.0404456231654952
open stack,0.0404456231654952
modern infrastructure,0.0404456231654952
open source,0.0404456231654952
broader solutions,0.0404456231654952
big top,0.0404456231654952
actual number,0.0404456231654952
