Word,Probability
total revenue,0.023956357189420647
high end,0.017330738901767142
total backlog,0.01372322737045039
average billings,0.009831221166135747
quarterly cash,0.009831221166135747
cancellable subscriptions,0.009831221166135747
effective tax,0.009831221166135747
total change,0.005499784906794534
intangible assets,0.005499784906794534
largest driver,0.005499784906794534
