Word,Probability
top line,0.014035609987840309
lower inventory,0.011698404355861912
proprietary brands,0.009228626906340355
online sales,0.009228626906340355
private brands,0.009228626906340355
national brand,0.009228626906340355
square footage,0.009228626906340355
exclusive brands,0.009228626906340355
digital sales,0.009228626906340355
online demand,0.008773803266896434
