Word,Probability
good stewards,0.05761447792216404
digital technology,0.05761447792216404
online demand,0.046086838826947654
,0.0
,0.0
,0.0
,0.0
,0.0
,0.0
,0.0
