Word,Probability
commercial revenue,0.034731388222921225
negative impact,0.0183757489688616
total revenue,0.011122378094416336
strong sales,0.011122378094416336
positive signals,0.011122378094416336
nice transition,0.011122378094416336
transactional decline,0.011122378094416336
macroeconomic trends,0.011122378094416336
lower volume,0.011122378094416336
large markets,0.011122378094416336
