Word,Probability
cloud revenue,0.05873134583096797
gross margin,0.05628883983995442
total company,0.02185856250499877
strategic areas,0.02185856250499877
new investment,0.02185856250499877
quarterly amortization,0.02185856250499877
new console,0.02185856250499877
higher margin,0.01945820187282635
,0.0
,0.0
