Word,Probability
effective tax,0.047141404638305545
typical seasonality,0.015096561154531524
major factors,0.015096561154531524
new standard,0.015096561154531524
geographic mix,0.015096561154531524
financial results,0.015096561154531524
higher collections,0.015096561154531524
lower cash,0.015096561154531524
new revenue,0.013438758127995179
strong billings,0.013438758127995179
