Word,Probability
gross margin,0.050716559158591336
commercial cloud,0.04707817303807562
intelligent cloud,0.020975110897478454
cloud revenue,0.018899025250635505
commercial business,0.0125228204231821
healthy renewals,0.0125228204231821
technical resources,0.0125228204231821
largest geos,0.0125228204231821
unearned guidance,0.007033816761385079
pure basis,0.007033816761385079
