Word,Probability
total revenues,0.022939281076192492
gross margin,0.022939281076192492
total revenue,0.01665931904745208
total cloud,0.01665931904745208
high end,0.01665931904745208
stable software,0.009502123568707907
high growth,0.009502123568707907
higher tax,0.009502123568707907
quarterly dividend,0.009502123568707907
new revenue,0.009502123568707907
