Word,Probability
autonomous database,0.05854370833497948
unlimited agreements,0.03955512396715891
additional licenses,0.028726333137542002
upfront licenses,0.016384893426393692
unlimited amount,0.016384893426393692
unlimited license,0.016384893426393692
strong increase,0.016384893426393692
new licenses,0.014363166568771001
,0.0
,0.0
