Word,Probability
real possibility,0.07981783797714642
final bill,0.07981783797714642
deemed repatriation,0.07981783797714642
,0.0
,0.0
,0.0
,0.0
,0.0
,0.0
,0.0
