Word,Probability
gross profit,0.10627265502208341
strong euro,0.07464343820973066
foreign exchange,0.06880907951289297
international operations,0.042323490270821724
,0.0
,0.0
,0.0
,0.0
,0.0
,0.0
