Word,Probability
less margin,0.04358687804009999
external players,0.04358687804009999
fundamental driver,0.04358687804009999
bottom line,0.03543154094320608
top line,0.03330619715542514
,0.0
,0.0
,0.0
,0.0
,0.0
