Word,Probability
gross bookings,0.06504551315438722
gross profit,0.026126412814217657
strong occupancy,0.013873258093523511
related occupancy,0.013873258093523511
seasonal impact,0.013873258093523511
key drivers,0.013873258093523511
negative impact,0.013873258093523511
flexible model,0.013873258093523511
free option,0.013873258093523511
beneficial impact,0.012233722651951105
