Word,Probability
significant change,0.013957716087998414
certain quarters,0.013957716087998414
bottom line,0.012866738445500311
top line,0.012094933384354929
strong growth,0.007914148587226827
macro trends,0.007914148587226827
important tool,0.007914148587226827
new properties,0.007914148587226827
macroeconomic conditions,0.007914148587226827
healthy mix,0.007914148587226827
