Word,Probability
net income,0.03297101726659454
subsequent quarters,0.02028000575476874
several quarters,0.02028000575476874
recent bond,0.02028000575476874
top end,0.02028000575476874
payment discount,0.02028000575476874
equivalent shares,0.02028000575476874
discrete tax,0.02028000575476874
diluted share,0.02028000575476874
common stock,0.02028000575476874
