Word,Probability
significant decline,0.039426940823373585
tax profit,0.034997343039385634
current spot,0.03241183208556608
,0.0
,0.0
,0.0
,0.0
,0.0
,0.0
,0.0
