Word,Probability
good question,0.05224483745592497
long term,0.04838512732390725
variable expenses,0.029428721380125738
particular demand,0.029428721380125738
strong execution,0.029428721380125738
particular strength,0.029428721380125738
pro forma,0.029428721380125738
broad technology,0.029428721380125738
greater value,0.029428721380125738
additional investments,0.029428721380125738
