Word,Probability
open interest,0.034325290318894426
overall data,0.01048911722217898
new products,0.01048911722217898
natural gas,0.01048911722217898
net impact,0.01048911722217898
disciplined process,0.01048911722217898
free cash,0.01048911722217898
good indicator,0.01048911722217898
solid contributor,0.0059083600081136205
various acquisitions,0.0059083600081136205
