Word,Probability
similar spend,0.013566165721761236
particular customer,0.013566165721761236
overall market,0.013566165721761236
organic products,0.013566165721761236
new store,0.013566165721761236
much weather,0.013566165721761236
highest growth,0.013566165721761236
financial results,0.013566165721761236
different ways,0.013566165721761236
different promotions,0.013566165721761236
