Word,Probability
large group,0.03054091579572379
incremental fuel,0.03054091579572379
great things,0.03054091579572379
broader base,0.03054091579572379
big way,0.03054091579572379
identical supermarket,0.027069276454952988
,0.0
,0.0
,0.0
,0.0
