Word,Probability
long term,0.0285605170331628
diluted share,0.02272161073727205
prepared remarks,0.02272161073727205
net earnings,0.02272161073727205
total debt,0.01637320977062506
53rd week,0.01637320977062506
troubled multiemployer,0.009236538363752331
single digits,0.009236538363752331
total sales,0.009236538363752331
retail product,0.009236538363752331
