Word,Probability
total portfolio,0.030389339864202735
square foot,0.030389339864202735
right people,0.030389339864202735
normal course,0.030389339864202735
lower investment,0.030389339864202735
intentional mix,0.030389339864202735
incremental successes,0.030389339864202735
improved returns,0.030389339864202735
current deliveries,0.030389339864202735
big benefit,0.030389339864202735
