Word,Probability
new data,0.01081539437769231
middle part,0.01081539437769231
electric transmission,0.01081539437769231
residential customers,0.006079446104716586
various stages,0.006079446104716586
next decade,0.006079446104716586
ongoing pipeline,0.006079446104716586
regulatory approval,0.006079446104716586
incremental projects,0.006079446104716586
ideal commodity,0.006079446104716586
