Word,Probability
higher transportation,0.018248251161915155
big picture,0.018248251161915155
higher utilization,0.010220109974876162
diluted share,0.010220109974876162
,0.0
,0.0
,0.0
,0.0
,0.0
,0.0
