Word,Probability
corrugated packaging,0.02469142423848853
long term,0.017008863730887537
substantial progress,0.008038120774993818
adjusted earnings,0.008038120774993818
free cash,0.008038120774993818
square feet,0.008038120774993818
specific end,0.008038120774993818
joint venture,0.008038120774993818
overall integrations,0.008038120774993818
older box,0.008038120774993818
