Word,Probability
free cash,0.039011487390840156
early retirement,0.024685765893596785
effective tax,0.019120869580996607
common stock,0.019120869580996607
prior guidance,0.019120869580996607
whole provision,0.01089927787648169
operating income,0.01089927787648169
prior expectations,0.01089927787648169
strong balance,0.01089927787648169
strong cash,0.01089927787648169
