Word,Probability
new revenue,0.027353466206147925
right context,0.015592022517744641
next couple,0.015592022517744641
particular contracts,0.015592022517744641
new standard,0.015592022517744641
financial outlook,0.015592022517744641
different angles,0.015592022517744641
net sales,0.009885869799038638
,0.0
,0.0
