Word,Probability
unfavorable program,0.032634465734814364
strong margin,0.032634465734814364
favorable program,0.032634465734814364
higher volume,0.032634465734814364
earlier timing,0.032634465734814364
back half,0.032634465734814364
international awards,0.02862572044829434
total company,0.02862572044829434
,0.0
,0.0
