Word,Probability
net sales,0.10045319311926358
early warning,0.03970664449279537
higher sales,0.03646603691168581
total bookings,0.022633581074145443
total book,0.022633581074145443
key bookings,0.022633581074145443
,0.0
,0.0
,0.0
,0.0
