Word,Probability
nautical miles,0.011332476090519772
sequential basis,0.007427115004714849
full rate,0.007427115004714849
international programs,0.007427115004714849
biggest driver,0.005283915862485342
good contract,0.005283915862485342
next couple,0.005283915862485342
strategic opportunities,0.005283915862485342
additional testing,0.005283915862485342
nautical mile,0.0029264037216923102
