Word,Probability
strategic plan,0.034298479362430946
strong cash,0.019527449931503262
productive partnership,0.019527449931503262
pro forma,0.019527449931503262
meaningful capital,0.019527449931503262
free cash,0.019527449931503262
balanced capital,0.019527449931503262
,0.0
,0.0
,0.0
