Word,Probability
substantial potential,0.023020164553398156
outstanding position,0.023020164553398156
attractive returns,0.023020164553398156
geographic presence,0.0202165833640345
,0.0
,0.0
,0.0
,0.0
,0.0
,0.0
