Word,Probability
corrugated packaging,0.02602141976359091
higher input,0.020810024131922962
favorable impact,0.015093412769506789
legal settlement,0.015093412769506789
corrugated segment,0.015093412769506789
ongoing productivity,0.008593263247550753
solid results,0.008593263247550753
stable results,0.008593263247550753
strong productivity,0.008593263247550753
strong fit,0.008593263247550753
