Word,Probability
unique set,0.014670882072891052
strong volume,0.014670882072891052
softer demand,0.014670882072891052
several months,0.014670882072891052
particular transaction,0.014670882072891052
organic sales,0.014670882072891052
lower volumes,0.014670882072891052
lower pricing,0.014670882072891052
liquid packaging,0.014670882072891052
corrugated boxes,0.014670882072891052
