Word,Probability
unique graphics,0.04604032910679631
shorter run,0.04604032910679631
regulatory requirements,0.04604032910679631
regulatory compliance,0.04604032910679631
new product,0.04604032910679631
high performance,0.04604032910679631
customized solutions,0.04604032910679631
competitive markets,0.04604032910679631
,0.0
,0.0
