Word,Probability
public cloud,0.016793447560947902
new products,0.014497983775576621
micro services,0.014497983775576621
double digit,0.009546554891480808
good progress,0.006813680950772624
excellent sales,0.006813680950772624
additional products,0.006813680950772624
strong growth,0.006813680950772624
vast array,0.006813680950772624
subsecond attack,0.0037913187055794925
