Word,Probability
short term,0.030501803911382467
deferred revenue,0.030501803911382467
top line,0.02865913379097201
back half,0.026073291010513314
rapid shift,0.018786844559600287
forward basis,0.018786844559600287
hybrid fashion,0.018786844559600287
full story,0.018786844559600287
perpetual license,0.016553382878383493
,0.0
