Word,Probability
several quarters,0.1420832030394583
good progress,0.08062687456828456
back half,0.055948936960059814
,0.0
,0.0
,0.0
,0.0
,0.0
,0.0
,0.0
