Word,Probability
solid growth,0.060470155926213416
significant growth,0.060470155926213416
primary strategy,0.060470155926213416
international markets,0.060470155926213416
balanced manner,0.060470155926213416
,0.0
,0.0
,0.0
,0.0
,0.0
