Word,Probability
hybrid cloud,0.0217197253053949
pure play,0.020010737597913338
rapid pace,0.012325127322540314
multiyear cloud,0.012325127322540314
main markets,0.012325127322540314
large example,0.012325127322540314
new metrics,0.012325127322540314
future flexibility,0.012325127322540314
hybrid approach,0.012325127322540314
holistic approach,0.012325127322540314
