Word,Probability
multiyear plan,0.01870916691847257
competitive wins,0.014408437491325348
long term,0.012472777945648382
top line,0.012472777945648382
back half,0.011347390031336077
professional services,0.008176246435093645
real results,0.008176246435093645
seasonal ramp,0.008176246435093645
competitive standpoint,0.008176246435093645
mandatory migration,0.008176246435093645
