Word,Probability
personal savings,0.04142941422495153
new customers,0.021966713153833965
unique investment,0.013382803935556072
quick reminder,0.013382803935556072
particular opportunity,0.013382803935556072
prime rates,0.013382803935556072
online deposit,0.013382803935556072
middle market,0.013382803935556072
good traction,0.013382803935556072
key markets,0.013382803935556072
