Word,Probability
net interest,0.032670750559278504
adjusted revenue,0.020564382677697276
proprietary billings,0.015708696812351347
adjusted operating,0.015708696812351347
adjusted basis,0.015708696812351347
regulated markets,0.008857124230208372
ongoing impact,0.008857124230208372
new accounts,0.008857124230208372
lower tax,0.008857124230208372
lower rate,0.008857124230208372
