Word,Probability
regulatory environment,0.03454076275223548
long term,0.03454076275223548
solid progress,0.024881131272896734
historical practice,0.024881131272896734
sustainable revenue,0.014028870332444987
steady operating,0.014028870332444987
steady revenue,0.014028870332444987
significant amounts,0.014028870332444987
strong capital,0.014028870332444987
tremendous capital,0.014028870332444987
