Word,Probability
new customer,0.05279654684736624
steady growth,0.029768578510310093
several months,0.029768578510310093
recent revenue,0.029768578510310093
strong credit,0.029768578510310093
customized products,0.029768578510310093
proprietary customers,0.029768578510310093
new benefits,0.029768578510310093
larger merchant,0.029768578510310093
greater share,0.029768578510310093
