Word,Probability
strong presence,0.033544243998560826
largest states,0.033544243998560826
largest state,0.033544243998560826
congressional intent,0.033544243998560826
nice states,0.01885416103634013
national laboratories,0.01885416103634013
lowest rates,0.01885416103634013
many parts,0.01885416103634013
large states,0.01885416103634013
initial pilot,0.01885416103634013
