Word,Probability
basic healthcare,0.013707365026801829
patient service,0.011486773046775324
introductory remarks,0.009119692714402909
diagnostic information,0.009119692714402909
advanced diagnostics,0.009119692714402909
current schedule,0.009119692714402909
better health,0.009119692714402909
largest laboratory,0.009119692714402909
different strategy,0.009119692714402909
tentative rates,0.0036842739635461583
