Word,Probability
operational excellence,0.04657763104169756
joint venture,0.02657921004181908
right integration,0.014939335236431798
significant progress,0.014939335236431798
operational efficiency,0.014939335236431798
key part,0.014939335236431798
excess tax,0.014939335236431798
equivalent basis,0.014939335236431798
additional savings,0.014939335236431798
accretive acquisitions,0.014939335236431798
