Word,Probability
stronger presence,0.05048049567794293
specific question,0.05048049567794293
increased levels,0.05048049567794293
good provider,0.05048049567794293
broader presence,0.05048049567794293
,0.0
,0.0
,0.0
,0.0
,0.0
