Word,Probability
significant improvement,0.05571810269131275
specified subgroup,0.03157052574986783
primary investigators,0.03157052574986783
primary endpoint,0.03157052574986783
cardiovascular outcomes,0.03157052574986783
,0.0
,0.0
,0.0
,0.0
,0.0
