Word,Probability
sleep apnea,0.05010313328303023
connected care,0.04720614597189419
digital health,0.03893034773981258
central sleep,0.021632917570545415
chronic disease,0.021632917570545415
sick care,0.012471199880366029
patient engagement,0.007066327063147312
patient adherence,0.007066327063147312
ongoing upgrades,0.007066327063147312
regular basis,0.007066327063147312
