Word,Probability
regional highlights,0.0209788807704133
single digits,0.0209788807704133
huge opportunity,0.0209788807704133
strong share,0.01934867810976328
financial results,0.01934867810976328
long term,0.017303176016413676
whole industry,0.011886878116346996
new mask,0.011886878116346996
new news,0.011886878116346996
overall category,0.011886878116346996
