Word,Probability
smallest travel,0.028505426162502016
long time,0.028505426162502016
best masks,0.028505426162502016
amazing innovation,0.028505426162502016
small niche,0.025154289079087788
,0.0
,0.0
,0.0
,0.0
,0.0
