Word,Probability
respiratory care,0.019590864084280096
invasive vents,0.019590864084280096
invasive ventilators,0.0180685198227279
strong demand,0.016158353406632055
good growth,0.0111004117003316
global leader,0.0111004117003316
marketed launch,0.0111004117003316
patient monitoring,0.0111004117003316
clinical studies,0.009795432042140048
small niche,0.009795432042140048
