Word,Probability
fit range,0.06546744511111684
best device,0.04732222420358068
strong demand,0.03903090845711578
positive feedback,0.02681332323961377
new range,0.02681332323961377
full face,0.02681332323961377
nasal category,0.02681332323961377
solid growth,0.021822481703705612
invasive ventilators,0.021822481703705612
,0.0
