Word,Probability
operational excellence,0.014430709564657676
real estate,0.012733334121928631
bottom line,0.010970312404322799
lower sales,0.00912822678878922
single family,0.00912822678878922
average realizations,0.00718677075666533
diluted share,0.00718677075666533
discontinued operations,0.00718677075666533
overall cost,0.00718677075666533
operational synergies,0.00718677075666533
