Word,Probability
primary endpoint,0.03774006860834859
improved progression,0.02742272929834131
regulatory submissions,0.02742272929834131
free survival,0.02742272929834131
complete response,0.02742272929834131
significant improvement,0.015653036793519825
superior efficacy,0.015653036793519825
systemic therapy,0.015653036793519825
severe plaque,0.015653036793519825
next steps,0.015653036793519825
