Word,Probability
key events,0.0945152320476812
financial performance,0.0945152320476812
detailed review,0.05394978700679162
current expectations,0.05394978700679162
strategic objectives,0.0472576160238406
,0.0
,0.0
,0.0
,0.0
,0.0
