Word,Probability
top line,0.07241645268642782
new products,0.04214315541519985
worldwide revenue,0.02405553273463003
strategic objective,0.02405553273463003
total operating,0.02405553273463003
pharmaceutical business,0.02405553273463003
international inventory,0.02405553273463003
interesting combinations,0.02405553273463003
gross margin,0.02405553273463003
great fit,0.02405553273463003
