Word,Probability
rheumatoid arthritis,0.036365653414271365
therapeutic areas,0.016106748004926195
ongoing interest,0.016106748004926195
new treatment,0.016106748004926195
,0.0
,0.0
,0.0
,0.0
,0.0
,0.0
