Word,Probability
continuous improvement,0.05188908179099214
operational performance,0.04772197083925484
vast majority,0.029518619101064274
specific recommendations,0.029518619101064274
upcoming proceeding,0.029518619101064274
regulatory front,0.029518619101064274
important actions,0.029518619101064274
financial results,0.029518619101064274
critical requirement,0.029518619101064274
,0.0
