Word,Probability
clean energy,0.02548987187816287
final decision,0.01847710846063004
electric system,0.01847710846063004
wholesale market,0.010511242595028421
regulatory development,0.010511242595028421
smart inverters,0.010511242595028421
residential rooftop,0.010511242595028421
residential battery,0.010511242595028421
private rooftop,0.010511242595028421
rapid growth,0.010511242595028421
