Word,Probability
steady progress,0.03628721965927009
impressive reliability,0.03628721965927009
historic heat,0.03628721965927009
eligible resources,0.03628721965927009
current mechanism,0.03628721965927009
critical issue,0.03628721965927009
clear recognition,0.03628721965927009
certain times,0.03628721965927009
,0.0
,0.0
