Word,Probability
strategic progress,0.024125390096614588
solid progress,0.024125390096614588
segmenting market,0.024125390096614588
overall cost,0.024125390096614588
great example,0.024125390096614588
favorable impact,0.024125390096614588
entire ecosystem,0.024125390096614588
best view,0.024125390096614588
disruptive innovation,0.024125390096614588
amazing results,0.024125390096614588
