Word,Probability
strong performance,0.053273497710395294
total revenue,0.022171917214297617
small increase,0.022171917214297617
significant component,0.022171917214297617
real renaissance,0.022171917214297617
net revenue,0.022171917214297617
graphic supplies,0.022171917214297617
multiple dimensions,0.022171917214297617
long time,0.022171917214297617
key competitors,0.022171917214297617
