Word,Probability
new partners,0.03546290179838552
financial information,0.03546290179838552
new opportunities,0.02028319834048708
global leader,0.02028319834048708
new applications,0.02028319834048708
global market,0.02028319834048708
important milestones,0.02028319834048708
copier market,0.02028319834048708
detailed information,0.02028319834048708
adhesive technologies,0.02028319834048708
