Word,Probability
visual hacking,0.02632915169197842
regulatory approval,0.02632915169197842
electronic privacy,0.02632915169197842
commercial notebooks,0.02632915169197842
customary closing,0.02632915169197842
best innovation,0.02632915169197842
profitable share,0.021087426177031472
,0.0
,0.0
,0.0
