Word,Probability
live stream,0.0437628981307416
total playtime,0.02493269735915597
new highs,0.02493269735915597
reveal trailer,0.02493269735915597
long prize,0.02493269735915597
liked trailer,0.02493269735915597
large player,0.02493269735915597
great gaming,0.02493269735915597
fastest video,0.02493269735915597
competitive event,0.02493269735915597
