Word,Probability
new content,0.03553844274833231
strong start,0.029004149494274493
robust content,0.01652430968671334
strategic pillar,0.01652430968671334
remastered collection,0.01652430968671334
next game,0.01652430968671334
new opportunity,0.01652430968671334
new growth,0.01652430968671334
loyal audience,0.01652430968671334
live ops,0.01652430968671334
