Word,Probability
active users,0.03636181977039559
strong engagement,0.03636181977039559
new content,0.029702472983287542
virtuous cycle,0.020716138246945768
terrific performance,0.020716138246945768
seasonal events,0.020716138246945768
powerful progression,0.020716138246945768
overall performance,0.020716138246945768
seasonal event,0.020716138246945768
prior expansion,0.020716138246945768
