Word,Probability
current capabilities,0.01687359858740399
effective way,0.01687359858740399
next day,0.014671895931745832
new fulfillment,0.014671895931745832
reliable fulfillment,0.009541726949789513
short term,0.009541726949789513
rigid prototype,0.009541726949789513
overall supply,0.009541726949789513
longer term,0.009541726949789513
profitable transaction,0.009541726949789513
