Word,Probability
new brands,0.047719453018676444
ultimate goal,0.02698452191682555
specialized teams,0.02698452191682555
specific categories,0.02698452191682555
remote areas,0.02698452191682555
new process,0.02698452191682555
least today,0.02698452191682555
key role,0.02698452191682555
entire supply,0.02698452191682555
higher level,0.02698452191682555
