Word,Probability
digital orders,0.04565714316859927
new stores,0.018636185448807643
digital volume,0.01647812362051171
,0.0
,0.0
,0.0
,0.0
,0.0
,0.0
,0.0
