Word,Probability
organic revenue,0.01755900684873825
long term,0.01265515811108691
free products,0.009997296767066483
short term,0.009997296767066483
retail partners,0.009997296767066483
53rd week,0.007140798222605941
weak currencies,0.00397768952585505
wider range,0.00397768952585505
sparkling lemonade,0.00397768952585505
virtuous cycle,0.00397768952585505
