Word,Probability
net production,0.039186395134300674
ultimate recovery,0.023140009920240814
top end,0.023140009920240814
outstanding results,0.023140009920240814
negative impact,0.023140009920240814
previous estimate,0.02039041359528588
,0.0
,0.0
,0.0
,0.0
