Word,Probability
drill expectations,0.025654104322891003
significant well,0.025654104322891003
higher proppant,0.025654104322891003
new well,0.023636682923092515
technical limit,0.022209608014252195
wider injection,0.014556748095189082
well results,0.014556748095189082
original well,0.014556748095189082
total number,0.014556748095189082
technical limits,0.014556748095189082
