Word,Probability
early production,0.06641574990361912
important role,0.04090241190127073
general guidance,0.04090241190127073
current strip,0.04090241190127073
big transition,0.04090241190127073
free cash,0.03320787495180956
,0.0
,0.0
,0.0
,0.0
