Word,Probability
upper cretaceous,0.10013145308120482
well test,0.057830438558381415
high quality,0.05006572654060241
wider resource,0.032814364350172
seismic analysis,0.032814364350172
recoverable reserves,0.032814364350172
proactive steps,0.032814364350172
weak oil,0.032814364350172
eastern part,0.032814364350172
next well,0.032814364350172
