Word,Probability
significant increase,0.019025999302664517
free cash,0.017529807595379022
technical limit,0.016471437913915664
high quality,0.016471437913915664
subsea umbilicals,0.010795803884722014
tight tolerance,0.010795803884722014
well proppant,0.010795803884722014
sleeve completions,0.010795803884722014
optimal value,0.010795803884722014
nice uniform,0.010795803884722014
