Word,Probability
net production,0.06759989813546027
cubic feet,0.021105129123368063
significant cash,0.011975551525732875
central processing,0.011975551525732875
high number,0.011975551525732875
full field,0.011975551525732875
future phases,0.011975551525732875
extreme winter,0.010552564561684031
heavy lift,0.010552564561684031
new well,0.009722718027127746
