Word,Probability
gross margins,0.14146941206492603
gross margin,0.1061020590486945
prepared remarks,0.0760978649931172
,0.0
,0.0
,0.0
,0.0
,0.0
,0.0
,0.0
