Word,Probability
notable highlights,0.15398195045407465
best guess,0.15398195045407465
,0.0
,0.0
,0.0
,0.0
,0.0
,0.0
,0.0
,0.0
