Word,Probability
higher sales,0.02363443890690448
average price,0.02363443890690448
,0.0
,0.0
,0.0
,0.0
,0.0
,0.0
,0.0
,0.0
