Word,Probability
free cash,0.028169545863284864
net debt,0.016286552451873278
gross margin,0.011902474572770218
,0.0
,0.0
,0.0
,0.0
,0.0
,0.0
,0.0
