Word,Probability
certain penetration,0.03709054281010557
certain loading,0.03709054281010557
,0.0
,0.0
,0.0
,0.0
,0.0
,0.0
,0.0
,0.0
