Word,Probability
long term,0.026253625747007327
tax margin,0.01320662361461528
medical cost,0.01320662361461528
low end,0.01320662361461528
competitive landscape,0.01320662361461528
adjusted earnings,0.01320662361461528
tax range,0.007461308272797184
tax target,0.007461308272797184
small levels,0.007461308272797184
solid results,0.007461308272797184
