Word,Probability
steep claims,0.0500529429966811
overall growth,0.0500529429966811
big number,0.0500529429966811
admin ratio,0.04429721670735542
,0.0
,0.0
,0.0
,0.0
,0.0
,0.0
