Word,Probability
usual cost,0.02071156261931632
smaller employers,0.02071156261931632
positive development,0.02071156261931632
open enrollment,0.02071156261931632
new information,0.02071156261931632
meaningful value,0.02071156261931632
definitive conclusions,0.02071156261931632
,0.0
,0.0
,0.0
