Word,Probability
upward trend,0.02432820168397069
specific things,0.02432820168397069
quarterly correction,0.02432820168397069
phrased question,0.02432820168397069
overall comms,0.02432820168397069
older data,0.02432820168397069
certain cases,0.02432820168397069
,0.0
,0.0
,0.0
