Word,Probability
past couple,0.02073103567622405
normal receivables,0.02073103567622405
net income,0.02073103567622405
key points,0.02073103567622405
high end,0.02073103567622405
favorable end,0.02073103567622405
diluted shares,0.02073103567622405
detailed share,0.02073103567622405
average price,0.02073103567622405
diluted share,0.018052807831538613
