Word,Probability
top priority,0.03778635580701831
big entities,0.03778635580701831
complete explanation,0.03778635580701831
diluted share,0.032904763210676764
gross margin,0.032904763210676764
,0.0
,0.0
,0.0
,0.0
,0.0
