Word,Probability
cardiogenic shock,0.02670504280406377
cath lab,0.018212005462379544
right side,0.012462170855712482
hemodynamic support,0.010380520505145527
complete revascularization,0.008182948244086921
coronary artery,0.008182948244086921
best outcomes,0.008182948244086921
acute kidney,0.008182948244086921
patient ejection,0.005829193419330208
emergent patients,0.005829193419330208
