Word,Probability
adjusted revenue,0.0257915908437029
sequential basis,0.024979886951691597
total contract,0.021954485755582065
neutral basis,0.021954485755582065
new business,0.020190798810909624
right way,0.014006314296847905
strong contract,0.014006314296847905
teen revenue,0.014006314296847905
prior quarters,0.014006314296847905
new clients,0.014006314296847905
