Word,Probability
free cash,0.07544783013005779
combined basis,0.030709342038482895
gross contribution,0.026497873575799826
strongest cash,0.019591654353873146
significant acquisition,0.019591654353873146
smaller community,0.019591654353873146
strong research,0.019591654353873146
key driver,0.019591654353873146
lightest profit,0.019591654353873146
financial performance,0.019591654353873146
