Word,Probability
reportable segments,0.02112208760051449
new business,0.015243384532739717
longer term,0.012572658333301732
vast market,0.012572658333301732
quarterly performance,0.007049535672585701
reportable segment,0.007049535672585701
net synergy,0.007049535672585701
good progress,0.007049535672585701
functional business,0.007049535672585701
critical priorities,0.007049535672585701
