Word,Probability
gross contribution,0.030961673067063593
gross margin,0.02857916870678932
combined company,0.021271299909968136
free cash,0.019590595477816677
strong performance,0.013609114038197574
bigger piece,0.013609114038197574
comparable basis,0.013609114038197574
best practices,0.012644273305608697
total contract,0.011960866791571592
neutral basis,0.011960866791571592
