Word,Probability
adjusted revenue,0.06208654447443413
adjusted basis,0.04329550082820391
adjusted tax,0.03591602971762833
fair value,0.025771105090432966
high end,0.025771105090432966
top end,0.014449953211227705
certain tax,0.014449953211227705
effective rate,0.014449953211227705
recurring charges,0.014449953211227705
previous guidance,0.014449953211227705
