Word,Probability
long term,0.018615032630048132
high 30s,0.011576787390371669
diluted share,0.009637267241573435
new product,0.009637267241573435
high end,0.009637267241573435
effective tax,0.007591659986091507
foreign exchange,0.007591659986091507
interim model,0.005403142107686054
foreseeable future,0.005403142107686054
net income,0.005403142107686054
