Word,Probability
overall point,0.04308939723075534
wide decision,0.02424443721376925
outstanding level,0.02424443721376925
fringe things,0.02424443721376925
best days,0.02424443721376925
best leaders,0.02424443721376925
artificial intelligences,0.02424443721376925
minimal impact,0.02154469861537767
,0.0
,0.0
