Word,Probability
free cash,0.028826184367816594
long term,0.01049689484262124
gaming revenue,0.01049689484262124
gaming side,0.01049689484262124
near term,0.007550229768017363
tremendous amount,0.007550229768017363
best way,0.007550229768017363
continuous improvement,0.007550229768017363
professional sports,0.0042481696965947485
lower revenue,0.0042481696965947485
