Word,Probability
stronger foundation,0.035065400715960045
good outcome,0.035065400715960045
bigger spikes,0.035065400715960045
big companies,0.035065400715960045
strong convention,0.031160694042580133
,0.0
,0.0
,0.0
,0.0
,0.0
