Word,Probability
good question,0.07052927189460145
good point,0.07052927189460145
,0.0
,0.0
,0.0
,0.0
,0.0
,0.0
,0.0
,0.0
