Word,Probability
total capital,0.02414244876272063
net interest,0.02414244876272063
net debt,0.02414244876272063
internal expectations,0.02414244876272063
corporate line,0.02414244876272063
tax earnings,0.01372562374568916
quarterly earnings,0.01372562374568916
net gain,0.01372562374568916
special projects,0.01372562374568916
specified items,0.01372562374568916
