Word,Probability
global trade,0.02614909385468702
modest growth,0.014866454810265923
domestic market,0.014866454810265923
domestic gasoline,0.014866454810265923
additional ethanol,0.014866454810265923
,0.0
,0.0
,0.0
,0.0
,0.0
