Word,Probability
good ownership,0.08831053626363598
pet treat,0.05020688685923141
average margins,0.05020688685923141
,0.0
,0.0
,0.0
,0.0
,0.0
,0.0
,0.0
