Word,Probability
front store,0.02525886318236299
new business,0.012953589986474376
great example,0.01202869805890421
unexpected network,0.007268770172770443
strategic acquisitions,0.007268770172770443
substantial cash,0.007268770172770443
strong results,0.007268770172770443
strong cash,0.007268770172770443
retail business,0.007268770172770443
significant cash,0.007268770172770443
