Word,Probability
corporate tax,0.034887220616024506
sheer number,0.021081848374845835
rational market,0.021081848374845835
regional players,0.021081848374845835
online shopping,0.021081848374845835
material impact,0.021081848374845835
level playing,0.021081848374845835
potential impact,0.021081848374845835
highest end,0.021081848374845835
effective tax,0.021081848374845835
