Word,Probability
great question,0.16188884855200594
complicated answer,0.06897430826987605
,0.0
,0.0
,0.0
,0.0
,0.0
,0.0
,0.0
,0.0
