Word,Probability
catastrophic coverage,0.011163360373338725
therapeutic class,0.006264201738231585
therapeutic drug,0.006264201738231585
significant growth,0.006264201738231585
real savings,0.006264201738231585
overall reimbursement,0.006264201738231585
small percentage,0.006264201738231585
numerous evaluations,0.006264201738231585
overall plan,0.006264201738231585
overall healthcare,0.006264201738231585
