Word,Probability
gross profit,0.03380259605138838
gross bookings,0.01527195509462019
top line,0.01527195509462019
long term,0.012092814257533157
net income,0.012092814257533157
consolidated group,0.008663043914155632
beneficial impact,0.008663043914155632
negative impact,0.008663043914155632
top end,0.008663043914155632
advertising operating,0.008663043914155632
