Word,Probability
free cash,0.022720299796253774
solid waste,0.014490928025409045
high end,0.011450880659830355
core price,0.011450880659830355
diluted share,0.008182080738021574
whole lot,0.004560158238887287
several issues,0.004560158238887287
significant drop,0.004560158238887287
strong operating,0.004560158238887287
strong pricing,0.004560158238887287
