Word,Probability
external customers,0.06285713066969698
sophisticated reporting,0.03503246563728514
whole list,0.03503246563728514
big data,0.03503246563728514
internal customers,0.03503246563728514
important part,0.03503246563728514
big technology,0.03503246563728514
advanced analytics,0.03503246563728514
big job,0.03503246563728514
low margin,0.03142856533484849
