Word,Probability
several weeks,0.05635810848426456
fraudulent stuff,0.05635810848426456
big contribution,0.05635810848426456
better disaster,0.05635810848426456
,0.0
,0.0
,0.0
,0.0
,0.0
,0.0
