Word,Probability
organic growth,0.01072966564531562
new sales,0.01072966564531562
high teens,0.01072966564531562
neutral macro,0.01072966564531562
corporate payments,0.01072966564531562
next couple,0.00771243299698225
total fraud,0.00771243299698225
higher value,0.00771243299698225
low teens,0.00771243299698225
pro forma,0.00771243299698225
