Word,Probability
net income,0.01222419926482047
operating deposits,0.007772442634402609
real estate,0.007772442634402609
operational risk,0.007772442634402609
higher rates,0.007772442634402609
solid growth,0.006133421280252364
long term,0.006133421280252364
higher auto,0.004374970738260604
specialized industries,0.004374970738260604
standardized rules,0.004374970738260604
