Word,Probability
total revenue,0.05513103642217817
gross margin,0.025256778120968326
gross margins,0.018105988300840155
strong operating,0.01013867862377518
quarterly dividend,0.01013867862377518
usual tax,0.01013867862377518
upfront revenue,0.01013867862377518
major improvement,0.01013867862377518
predictable share,0.01013867862377518
high end,0.01013867862377518
