Word,Probability
diluted earnings,0.05073764469504385
related impacts,0.024401476756687558
lower interest,0.024401476756687558
fewer shares,0.024401476756687558
new business,0.024401476756687558
unfavorable impact,0.013760326326032109
stronger pricing,0.013760326326032109
stronger operating,0.013760326326032109
ongoing cost,0.013760326326032109
new products,0.013760326326032109
