Word,Probability
substantial growth,0.018105988300840155
strong performance,0.018105988300840155
new business,0.018105988300840155
earlier comments,0.018105988300840155
higher quality,0.018105988300840155
tremendous growth,0.01013867862377518
strong growth,0.01013867862377518
remarkable consistency,0.01013867862377518
relentless focus,0.01013867862377518
private health,0.01013867862377518
