Word,Probability
foreign exchange,0.07670784699018462
outsourced administration,0.018120531541699594
adjusted property,0.018120531541699594
adjusted marketing,0.018120531541699594
adjusted employee,0.018120531541699594
additional day,0.016840589473983477
large technology,0.010156147053977018
net revenues,0.010156147053977018
positive impact,0.010156147053977018
private equity,0.010156147053977018
