Word,Probability
net revenue,0.03212991711921617
incremental margin,0.031071379994396416
positive trend,0.012492258851967832
strong capabilities,0.012492258851967832
ongoing theme,0.012492258851967832
overall story,0.012492258851967832
net flow,0.012492258851967832
key points,0.012492258851967832
incremental margins,0.012492258851967832
institutional side,0.011144303511513102
