Word,Probability
net revenue,0.02438261461857677
stable value,0.02357931647503752
higher level,0.02357931647503752
retail clients,0.016914283140255094
real estate,0.016914283140255094
regulatory changes,0.016914283140255094
current levels,0.016914283140255094
strong flows,0.016914283140255094
foreign exchange,0.011015623907784818
record highs,0.009480072176123518
