Word,Probability
organic basis,0.02237925634896259
top line,0.017150045705436774
strategic segments,0.017150045705436774
effective tax,0.015843888870717433
slow start,0.009694350423427034
new client,0.009694350423427034
new owners,0.009694350423427034
good visibility,0.009694350423427034
small business,0.009694350423427034
consistent demand,0.009694350423427034
