Word,Probability
excess cash,0.0290084058136763
average coupon,0.022230206303055652
upfront cash,0.01256599624213126
tender offering,0.01256599624213126
total interest,0.01256599624213126
outstanding debt,0.01256599624213126
ongoing minority,0.01256599624213126
net investment,0.01256599624213126
net dilution,0.01256599624213126
new sources,0.01256599624213126
