Word,Probability
structural improvement,0.04541449871353859
pro forma,0.04541449871353859
significant improvement,0.025671305627701632
favorable revenue,0.025671305627701632
incremental margins,0.025671305627701632
biggest delta,0.025671305627701632
small consulting,0.022707249356769293
,0.0
,0.0
,0.0
