Word,Probability
organic revenue,0.0949345767085244
organic growth,0.05727937167909759
organic base,0.041334289844744104
original expectations,0.023364899262712815
net impact,0.023364899262712815
net earnings,0.023364899262712815
good estimate,0.023364899262712815
detailed bridge,0.023364899262712815
back half,0.020667144922372052
effective tax,0.01909312389303253
