Word,Probability
adverse impact,0.046679023143102766
domestic operations,0.03398493766432682
higher guest,0.019452633470236822
lower attendance,0.019452633470236822
entire holiday,0.019452633470236822
global segment,0.019452633470236822
,0.0
,0.0
,0.0
,0.0
