Word,Probability
international parks,0.05468840543684777
domestic parks,0.05468840543684777
unfavorable impacts,0.031303088342909825
international businesses,0.031303088342909825
highest margin,0.031303088342909825
higher admissions,0.031303088342909825
healthy spending,0.031303088342909825
,0.0
,0.0
,0.0
