Word,Probability
lower programming,0.04325355702732505
lower subscribers,0.024757897143937772
lower ad,0.024757897143937772
higher pricing,0.024757897143937772
higher affiliation,0.024757897143937772
higher affiliate,0.024757897143937772
higher ad,0.024757897143937772
foreign exchange,0.024757897143937772
fiscal calendar,0.024757897143937772
contractual rate,0.024757897143937772
