Word,Probability
strong sales,0.021614037189152023
lesser extent,0.021614037189152023
difficult comparison,0.021614037189152023
creative fronts,0.021614037189152023
lower results,0.018880520924626013
,0.0
,0.0
,0.0
,0.0
,0.0
