Word,Probability
stronger dollar,0.01751572348084034
strong region,0.01751572348084034
stable inventories,0.01751572348084034
significant increases,0.01751572348084034
regional performance,0.01751572348084034
prepared remarks,0.01751572348084034
possible impact,0.01751572348084034
negative weather,0.01751572348084034
long history,0.01751572348084034
higher wages,0.01751572348084034
