Word,Probability
53rd week,0.04327887767970684
strong merchandise,0.02028475329582613
strong growth,0.02028475329582613
retail environment,0.02028475329582613
lower distribution,0.02028475329582613
,0.0
,0.0
,0.0
,0.0
,0.0
