Word,Probability
new share,0.0607335061295887
net interest,0.0607335061295887
lower tax,0.0607335061295887
diluted shares,0.0607335061295887
53rd week,0.04935788146281032
total purchase,0.03470096161298558
aggregate price,0.03470096161298558
aforementioned adoption,0.03470096161298558
,0.0
,0.0
