Word,Probability
senior note,0.02824727931736866
net loss,0.02824727931736866
net product,0.02824727931736866
net income,0.02824727931736866
cash stock,0.020286191204927348
outstanding share,0.020286191204927348
unrealized loss,0.0113887717013524
net sales,0.0113887717013524
operating expenses,0.0113887717013524
revised milestone,0.0113887717013524
