Word,Probability
general assembly,0.014929995125399756
electric transmission,0.010778885560917703
new data,0.010778885560917703
electric sales,0.010778885560917703
various stages,0.006096969828471032
public interest,0.006096969828471032
strong operating,0.006096969828471032
regulatory approval,0.006096969828471032
solar projects,0.006096969828471032
military installations,0.006096969828471032
