Word,Probability
straightforward question,0.06330470800625242
public safety,0.06330470800625242
environmental impacts,0.06330470800625242
environmental impact,0.06330470800625242
complicated answer,0.06330470800625242
commercial operations,0.06330470800625242
affordable service,0.06330470800625242
,0.0
,0.0
,0.0
