Word,Probability
public comment,0.12987891737599602
important outcome,0.07346472287145342
close contact,0.07346472287145342
close attention,0.07346472287145342
,0.0
,0.0
,0.0
,0.0
,0.0
,0.0
