Word,Probability
strong sign,0.0423559619735671
good market,0.0423559619735671
fundamental demand,0.0423559619735671
,0.0
,0.0
,0.0
,0.0
,0.0
,0.0
,0.0
