Word,Probability
private side,0.03334246572888126
private market,0.02441479030790767
local highway,0.02441479030790767
big margin,0.02441479030790767
additional state,0.02441479030790767
big increase,0.02441479030790767
large projects,0.01840971379807777
public side,0.01667123286444063
,0.0
,0.0
