Word,Probability
long term,0.04661717742372149
solid market,0.023690622798774815
premier position,0.023690622798774815
bigger backlogs,0.023690622798774815
better backlogs,0.023690622798774815
great job,0.020769339826448702
,0.0
,0.0
,0.0
,0.0
