Word,Probability
public transportation,0.07376737164475845
public construction,0.053569007639802116
big highway,0.053569007639802116
real issue,0.030551841423556592
private construction,0.030551841423556592
flip side,0.030551841423556592
new state,0.030551841423556592
positive territory,0.030551841423556592
construction pipeline,0.030551841423556592
big differences,0.030551841423556592
