Word,Probability
aggregate shipments,0.07780260633399831
specific circumstances,0.04437291254373695
rough weather,0.04437291254373695
reportable accidents,0.04437291254373695
normalized basis,0.04437291254373695
geographic mix,0.04437291254373695
,0.0
,0.0
,0.0
,0.0
