Word,Probability
public side,0.014927516426028953
long term,0.010754304860213363
tough weather,0.009582725706826771
higher percentage,0.009582725706826771
tough circumstances,0.009582725706826771
big work,0.009582725706826771
private side,0.007463758213014477
smaller size,0.005465285415944141
strong shipments,0.005465285415944141
massive highway,0.005465285415944141
