Word,Probability
large projects,0.045824178910432715
massive projects,0.03038579880712422
complex designs,0.03038579880712422
dry days,0.03038579880712422
better mix,0.03038579880712422
major supplier,0.026638935864358115
,0.0
,0.0
,0.0
,0.0
