Word,Probability
top line,0.03403870245073834
long haul,0.03403870245073834
effective tax,0.03403870245073834
gross profit,0.031230126703878206
quarterly tax,0.01942946874720118
quarterly dividend,0.01942946874720118
sequential basis,0.01942946874720118
gross margin,0.01942946874720118
previous guidance,0.01942946874720118
higher revenue,0.01942946874720118
