Word,Probability
free cash,0.03964940445688924
discrete tax,0.026116421746518032
recent comparison,0.016248035268127303
higher tax,0.016248035268127303
original guidance,0.016248035268127303
higher number,0.016248035268127303
average rate,0.016248035268127303
,0.0
,0.0
,0.0
