Word,Probability
free cash,0.09224555322623211
long term,0.0853479620947185
sustainable growth,0.037801551440132905
focused investment,0.037801551440132905
competitive advantages,0.037801551440132905
competitive advantage,0.037801551440132905
,0.0
,0.0
,0.0
,0.0
