Word,Probability
great question,0.13010684937647518
good space,0.07424459338348129
,0.0
,0.0
,0.0
,0.0
,0.0
,0.0
,0.0
,0.0
