Word,Probability
major population,0.0276430983094494
refined products,0.02251591159403739
significant volumes,0.015774347036150417
new terminals,0.015774347036150417
little market,0.015774347036150417
larger step,0.015774347036150417
joint venture,0.015774347036150417
critical markets,0.015774347036150417
cheap equipment,0.015774347036150417
,0.0
