Word,Probability
new retailers,0.0973334090103958
solid pricing,0.06052548373653366
intermodal pricing,0.06052548373653366
retail perspective,0.053032683169758905
intermodal business,0.053032683169758905
,0.0
,0.0
,0.0
,0.0
,0.0
