Word,Probability
automotive business,0.02783928824061365
great growth,0.01708934098640217
great benefit,0.01708934098640217
refined products,0.013919644120306825
rational way,0.009751916819196316
quick start,0.009751916819196316
positive signs,0.009751916819196316
new model,0.009751916819196316
intermodal rates,0.009751916819196316
intermodal business,0.008544670493201085
