Word,Probability
frac sand,0.04538611024760762
crude oil,0.04538611024760762
heavy demand,0.025899276761679517
total energy,0.025899276761679517
refined product,0.025899276761679517
particular plants,0.025899276761679517
difficult comp,0.025899276761679517
longer length,0.025899276761679517
solid performance,0.02269305512380381
refined products,0.01848399254115162
