Word,Probability
financial services,0.27743364233439616
substantial amount,0.13939541006810566
,0.0
,0.0
,0.0
,0.0
,0.0
,0.0
,0.0
,0.0
