Word,Probability
digital revenue,0.07229794967462151
double digit,0.05748039656370484
financial services,0.04641475385062142
significant player,0.023320905106451136
entire portfolio,0.023320905106451136
higher margin,0.023320905106451136
low end,0.023320905106451136
financial results,0.023320905106451136
digital aspects,0.023320905106451136
digital plans,0.023320905106451136
