Word,Probability
digital business,0.02433789095003313
intellectual property,0.014088857685232407
digital operations,0.014088857685232407
patient populations,0.010144301417561591
front end,0.010144301417561591
digital economy,0.010144301417561591
digital experiences,0.010144301417561591
artificial intelligence,0.010144301417561591
different kind,0.010144301417561591
prepared remarks,0.009392571790154937
