Word,Probability
big business,0.04892306956130223
responsive capabilities,0.04110549402601487
relevant categories,0.0295552094920807
strong bottoms,0.02633935107039975
important thing,0.02633935107039975
,0.0
,0.0
,0.0
,0.0
,0.0
