Word,Probability
overall apparel,0.04925868248680117
key driver,0.04925868248680117
big way,0.04925868248680117
big win,0.04925868248680117
big unlock,0.04925868248680117
responsive platform,0.04389891845066625
,0.0
,0.0
,0.0
,0.0
