Word,Probability
quick fixes,0.033909942994826026
significant progress,0.019025060002387278
longer term,0.019025060002387278
fit right,0.016954971497413013
,0.0
,0.0
,0.0
,0.0
,0.0
,0.0
