Word,Probability
responsive capabilities,0.008651670304055994
brand portfolio,0.007722804666431703
significant market,0.007722804666431703
retail distribution,0.0055437694372353855
significant opportunity,0.0055437694372353855
structural advantage,0.0055437694372353855
rewarding size,0.0055437694372353855
lean cost,0.0055437694372353855
direct distribution,0.0055437694372353855
super bottoms,0.003110313284775992
