Word,Probability
positive way,0.0418050660578773
annual sales,0.0418050660578773
additional stores,0.0418050660578773
,0.0
,0.0
,0.0
,0.0
,0.0
,0.0
,0.0
