Word,Probability
organic revenue,0.04620731197215325
organic basis,0.03360708420888516
organic growth,0.02520531315666387
corporate liquidity,0.0192087153481137
lower end,0.016031754292334457
strong sales,0.010810480612748119
strategic assets,0.010810480612748119
significant margin,0.010810480612748119
top line,0.010810480612748119
ongoing cost,0.010810480612748119
