Word,Probability
free cash,0.023455370586712782
prepayable debt,0.018635321904351517
public sector,0.018635321904351517
lower end,0.016783547885823955
current consensus,0.013406326302642081
large license,0.013406326302642081
excess cash,0.013406326302642081
effective tax,0.013406326302642081
higher end,0.013406326302642081
quarterly spread,0.007544951755304107
