Word,Probability
short term,0.1039720770839918
variable manufacturing,0.04500352157904325
higher production,0.04500352157904325
favorable impact,0.041643435614700956
upward revision,0.025380457841990407
large increase,0.025380457841990407
right side,0.025380457841990407
favorable items,0.025380457841990407
higher period,0.025380457841990407
additional warranty,0.025380457841990407
