Word,Probability
future growth,0.07248889381859315
strong balance,0.04088127437636039
significant restructuring,0.04088127437636039
lean principles,0.04088127437636039
flexible cost,0.04088127437636039
,0.0
,0.0
,0.0
,0.0
,0.0
