Word,Probability
higher sales,0.03103542595092822
adjusted profit,0.017049662261146407
favorable price,0.014310645166427789
favorable mix,0.014310645166427789
revised outlook,0.011383171466433063
primary drivers,0.011383171466433063
new equipment,0.011383171466433063
favorable dealer,0.008201097326477131
higher aftermarket,0.008201097326477131
strong demand,0.008201097326477131
