Word,Probability
great question,0.22826516136998418
financial review,0.22826516136998418
,0.0
,0.0
,0.0
,0.0
,0.0
,0.0
,0.0
,0.0
