Word,Probability
private money,0.051607775614083376
prior authorization,0.051607775614083376
annual cost,0.051607775614083376
additional savings,0.051607775614083376
,0.0
,0.0
,0.0
,0.0
,0.0
,0.0
