Word,Probability
solar projects,0.01563156192108042
natural gas,0.01563156192108042
new energy,0.01563156192108042
solar project,0.00884484976992487
thermal plant,0.00884484976992487
renewable projects,0.00884484976992487
solar complex,0.00884484976992487
renewable acquisitions,0.00884484976992487
regulated contracts,0.00884484976992487
prior guidance,0.00884484976992487
