Word,Probability
attractive returns,0.015005404934256025
free cash,0.015005404934256025
additional cost,0.013852815347789189
marginal returns,0.008490549636079524
renewable expansions,0.008490549636079524
meaningful contributions,0.008490549636079524
inbound indications,0.008490549636079524
key contributors,0.008490549636079524
local debt,0.008490549636079524
global scale,0.008490549636079524
