Word,Probability
timely basis,0.02797007479745323
recent investments,0.02797007479745323
specific examples,0.015826384521652234
significant synergies,0.015826384521652234
significant change,0.015826384521652234
right decision,0.015826384521652234
newer technologies,0.015826384521652234
new opportunities,0.015826384521652234
good prices,0.015826384521652234
financial objectives,0.015826384521652234
