Word,Probability
long term,0.07362271699993342
annual growth,0.02949373066993635
upper end,0.01671358420778717
quarterly cash,0.01671358420778717
quarterly dividend,0.01671358420778717
bottom end,0.01671358420778717
actual earnings,0.01671358420778717
,0.0
,0.0
,0.0
