Word,Probability
electric side,0.09943166198192029
normal weather,0.08090687289503909
,0.0
,0.0
,0.0
,0.0
,0.0
,0.0
,0.0
,0.0
