Word,Probability
natural gas,0.024799095965370936
definitive action,0.019779718925997124
largest customers,0.014298756167331018
prescribed process,0.014298756167331018
additional information,0.014298756167331018
regulatory process,0.008102856432228309
net savings,0.008102856432228309
industrial customers,0.008102856432228309
electric pricing,0.008102856432228309
electric customers,0.008102856432228309
