Word,Probability
financial outlook,0.02125531904685977
additional details,0.02125531904685977
definitive answer,0.02125531904685977
electric fuel,0.018754165697731265
normal weather,0.017295309785533716
,0.0
,0.0
,0.0
,0.0
,0.0
