Word,Probability
tough comp,0.10173275281203871
legal costs,0.05812064124065522
higher revenue,0.05812064124065522
gross margins,0.05812064124065522
corporate spend,0.05812064124065522
,0.0
,0.0
,0.0
,0.0
,0.0
