Word,Probability
net income,0.029204895264842462
right side,0.017015161121731827
left side,0.017015161121731827
thermal cameras,0.0097208818976448
taxable income,0.0097208818976448
strong topline,0.0097208818976448
personal surveillance,0.0097208818976448
portable products,0.0097208818976448
next generation,0.0097208818976448
negative impact,0.0097208818976448
