Word,Probability
big orders,0.11505489901361521
right deal,0.06573167759359816
difficult comp,0.06573167759359816
different ways,0.06573167759359816
acquisitive company,0.06573167759359816
,0.0
,0.0
,0.0
,0.0
,0.0
