Word,Probability
negative impact,0.012086892671477506
principal growth,0.009590365875832807
previous outlook,0.009590365875832807
joint settlement,0.009590365875832807
adjusted tax,0.006887957754056753
previous estimate,0.006887957754056753
effective tax,0.006887957754056753
domestic money,0.006887957754056753
digital business,0.006887957754056753
slight improvement,0.0038673349672518893
