Word,Probability
new products,0.01924264098045923
gross margin,0.017640082266653086
private label,0.012579564120147102
significant cost,0.01099678310704187
strong business,0.01099678310704187
unfavorable weather,0.01099678310704187
profitable growth,0.01099678310704187
organic sales,0.01099678310704187
key customers,0.01099678310704187
good line,0.01099678310704187
