Word,Probability
low yields,0.04270843671804633
appropriate steps,0.04270843671804633
immediate issues,0.04270843671804633
seasonal inventory,0.037366523764380134
key customer,0.03425457835501239
,0.0
,0.0
,0.0
,0.0
,0.0
