Word,Probability
private label,0.13902268288662573
broth business,0.06498295011465585
center store,0.04725766240789252
robust analytics,0.02700680557170577
sharper focus,0.02700680557170577
larger impact,0.02700680557170577
private labels,0.02700680557170577
promotional approach,0.02700680557170577
positive performance,0.02700680557170577
fresh categories,0.02700680557170577
