Word,Probability
back half,0.03583852465133856
strong innovation,0.020480997533933
successful launch,0.020480997533933
solid results,0.020480997533933
several meal,0.020480997533933
savory crackers,0.020480997533933
strategic partnership,0.020480997533933
pure play,0.020480997533933
original shapes,0.020480997533933
larger chocolate,0.020480997533933
