Word,Probability
commerce unit,0.03160840370888549
external development,0.028976003985551464
real food,0.02711584627372037
retail pricing,0.01806356831681304
right direction,0.01806356831681304
strategic transition,0.01806356831681304
personalized nutrition,0.01806356831681304
many reasons,0.01806356831681304
longer term,0.01806356831681304
normal promotion,0.01806356831681304
