Word,Probability
great job,0.07547107310449283
good add,0.07547107310449283
constant watch,0.07547107310449283
different things,0.07547107310449283
additional actions,0.07547107310449283
top talent,0.06603125432335667
,0.0
,0.0
,0.0
,0.0
