Word,Probability
notable items,0.05009632962673418
interest income,0.05009632962673418
interest expense,0.05009632962673418
strong growth,0.037572247220050634
higher compensation,0.028618958137434817
net income,0.028618958137434817
average loans,0.028618958137434817
total loan,0.016100020980368373
retail leases,0.016100020980368373
strong dealer,0.016100020980368373
