Word,Probability
joint ventures,0.022823125546910638
wholesale side,0.020563766815619323
positive operating,0.016414439585512388
flatter yield,0.016414439585512388
current levels,0.016414439585512388
higher cash,0.016414439585512388
net interest,0.015215417031273758
next rate,0.0092341873676407
normal growth,0.0092341873676407
regulatory expectations,0.0092341873676407
