Word,Probability
joint venture,0.05242202676860532
corporate trust,0.02510663145693145
wholesale side,0.020968810707442127
positive bid,0.014124109314595889
relative basis,0.014124109314595889
total interest,0.014124109314595889
low margin,0.014124109314595889
particular part,0.014124109314595889
key merchant,0.014124109314595889
long end,0.014124109314595889
