Word,Probability
political instability,0.033096401102874484
key markets,0.033096401102874484
improved product,0.033096401102874484
economic conditions,0.033096401102874484
,0.0
,0.0
,0.0
,0.0
,0.0
,0.0
