Word,Probability
new operating,0.018396410704430457
strong position,0.010411697359252252
right actions,0.010411697359252252
smart risks,0.010411697359252252
future growth,0.010411697359252252
ongoing basis,0.010411697359252252
new marketing,0.010411697359252252
many fronts,0.010411697359252252
commerce type,0.010411697359252252
digital engagement,0.010411697359252252
