Word,Probability
measured channels,0.01971827287641545
small packs,0.014241575089552285
top line,0.01314551525094363
single digits,0.012369934221301006
urban markets,0.008060211969271472
smaller stores,0.008060211969271472
specific actions,0.008060211969271472
strategic advantage,0.008060211969271472
quick conclusions,0.008060211969271472
overall performance,0.008060211969271472
