Word,Probability
small pack,0.05567849835543048
organic growth,0.05567849835543048
organic revenue,0.0513933707949126
smaller pack,0.031511998922417725
simple sense,0.031511998922417725
keen focus,0.031511998922417725
retail price,0.031511998922417725
immediate consumption,0.031511998922417725
high level,0.031511998922417725
disciplined approach,0.031511998922417725
