Word,Probability
strong performance,0.02001445065166526
soft drinks,0.02001445065166526
new products,0.02001445065166526
better results,0.018474098870829004
single digits,0.01738413317907503
slight repositioning,0.011327448943431228
small number,0.011327448943431228
total beverage,0.011327448943431228
strategic priorities,0.011327448943431228
consistent strategy,0.011327448943431228
