Word,Probability
bigger impact,0.05594499875130231
large customers,0.029903566426846558
total expectation,0.022363205769107292
overall impact,0.022363205769107292
short answer,0.022363205769107292
big impact,0.022363205769107292
gross profit,0.022363205769107292
big change,0.022363205769107292
huge change,0.02001817575611719
,0.0
