Word,Probability
digital marketing,0.023576820902334546
stronger sales,0.009424493859838073
total volume,0.009424493859838073
strong momentum,0.009424493859838073
strong cost,0.009424493859838073
sticker shock,0.009424493859838073
strategic pricing,0.009424493859838073
small base,0.009424493859838073
size customers,0.009424493859838073
representative base,0.009424493859838073
