Word,Probability
large customers,0.022017184931580037
contract customers,0.020770174624605807
competitive prices,0.020770174624605807
complex customers,0.020770174624605807
online model,0.017354195532808606
right thing,0.016616139699684646
midsized customers,0.013730261756767207
new customers,0.013015646649606454
entire bundle,0.009825893257994295
great question,0.009825893257994295
