Word,Probability
fastest way,0.019469909085404847
live event,0.019469909085404847
new topics,0.010990918752792749
unique differentiator,0.010990918752792749
new show,0.010990918752792749
new things,0.010990918752792749
different way,0.010990918752792749
important commentary,0.010990918752792749
best place,0.010990918752792749
new experiences,0.009734954542702423
