Word,Probability
live streaming,0.1345902348405152
premium video,0.1029658653555064
streaming premium,0.05812505109650012
new experience,0.05812505109650012
live events,0.05812505109650012
big bet,0.05812505109650012
bigger bets,0.0514829326777532
,0.0
,0.0
,0.0
