Word,Probability
artificial intelligence,0.022946531841661608
sustained growth,0.017554836060610927
digital advertising,0.017554836060610927
bigger risks,0.017554836060610927
competitive factors,0.009909844777108217
single person,0.009909844777108217
social advertising,0.009909844777108217
prior calls,0.009909844777108217
final point,0.009909844777108217
much work,0.009909844777108217
