Word,Probability
many others,0.10101517494443779
key points,0.10101517494443779
good question,0.10101517494443779
,0.0
,0.0
,0.0
,0.0
,0.0
,0.0
,0.0
