Word,Probability
unsubsidized pricing,0.010089791111311312
wireless network,0.008388715040360229
new businesses,0.008388715040360229
organic basis,0.008388715040360229
new devices,0.006598148792848036
competitive environment,0.006598148792848036
financial performance,0.004687064912596118
strong cash,0.004687064912596118
wireless business,0.004687064912596118
consolidated results,0.004687064912596118
