Word,Probability
healthy growth,0.021103453690312017
solid bookings,0.012884078536636206
additional capacity,0.012884078536636206
single site,0.012884078536636206
new offerings,0.012884078536636206
single cloud,0.012884078536636206
new expansions,0.012884078536636206
mobile applications,0.012884078536636206
largest property,0.012884078536636206
new features,0.012884078536636206
