Word,Probability
unique position,0.011252575109278178
strategic gateway,0.011252575109278178
square feet,0.011252575109278178
significant milestone,0.011252575109278178
rich campuses,0.011252575109278178
reliable voice,0.011252575109278178
numerous use,0.011252575109278178
key capacity,0.011252575109278178
joint offerings,0.011252575109278178
joint offering,0.011252575109278178
