Word,Probability
financial services,0.042140615224220995
new wins,0.03896661331006432
top tier,0.023789893045993625
rapid growth,0.023789893045993625
strong returns,0.023789893045993625
notable outperformance,0.023789893045993625
higher utilization,0.023789893045993625
direct sales,0.023789893045993625
digital business,0.023789893045993625
commercial banking,0.023789893045993625
