Word,Probability
special items,0.0294099416623513
free cash,0.024537103188717057
organic sales,0.013838738353288286
discontinued operation,0.013838738353288286
solid start,0.007705747302200204
primary areas,0.007705747302200204
recurring purchase,0.007705747302200204
industrial refrigeration,0.007705747302200204
net financing,0.007705747302200204
favorable tax,0.007705747302200204
