Word,Probability
gross margin,0.01990264241268167
ongoing earnings,0.014323015468891422
financial results,0.014323015468891422
financial outlook,0.014323015468891422
renewable resources,0.008064850630707785
next rate,0.008064850630707785
net effect,0.008064850630707785
regulatory commission,0.008064850630707785
normal number,0.008064850630707785
several factors,0.008064850630707785
