Word,Probability
real estate,0.057668983335273365
related job,0.032471635434165556
positive effect,0.032471635434165556
national average,0.032471635434165556
commercial markets,0.032471635434165556
commercial development,0.032471635434165556
average job,0.032471635434165556
,0.0
,0.0
,0.0
