Word,Probability
retail channel,0.009702736587446616
theatrical release,0.007643391518463839
great confidence,0.007643391518463839
commercial teams,0.007643391518463839
strong growth,0.00544010335359332
modest investments,0.00544010335359332
great growth,0.00544010335359332
great trends,0.00544010335359332
retail strategy,0.00544010335359332
early days,0.00544010335359332
