Word,Probability
postpaid phone,0.10793608656977084
top priority,0.035637903698820333
net losses,0.035637903698820333
distinct trajectories,0.035637903698820333
postpaid customers,0.0313002122164816
,0.0
,0.0
,0.0
,0.0
,0.0
