Word,Probability
right thing,0.042718744570133686
tremendous opportunity,0.024319427845976103
right direction,0.024319427845976103
right acquisition,0.024319427845976103
organic fashion,0.024319427845976103
better trajectory,0.024319427845976103
long run,0.024319427845976103
key focus,0.024319427845976103
great assets,0.024319427845976103
good price,0.024319427845976103
