Word,Probability
overall context,0.04166490211847377
ongoing asset,0.04166490211847377
,0.0
,0.0
,0.0
,0.0
,0.0
,0.0
,0.0
,0.0
