Word,Probability
small cells,0.048345593765349394
wireless pilots,0.035195196820574114
new technologies,0.035195196820574114
technological developments,0.035195196820574114
significant opportunity,0.035195196820574114
significant opportunities,0.035195196820574114
broader question,0.035195196820574114
current spectrum,0.035195196820574114
band spectrum,0.035195196820574114
wireless network,0.030911389704475614
