Word,Probability
strong balance,0.01663531264910321
discretionary pension,0.015601670695085059
near term,0.012064809072534726
disciplined fashion,0.012064809072534726
future cash,0.012064809072534726
new businesses,0.010401113796723371
long term,0.00943471587420758
substantial cash,0.006868395985590827
promotional offers,0.006868395985590827
present value,0.006868395985590827
