Word,Probability
new products,0.024217682444868976
competitive environment,0.024217682444868976
connected world,0.024217682444868976
next generation,0.022261367291987265
new businesses,0.02087814813210896
operational performance,0.01378692624844874
organizational agility,0.01378692624844874
strong networks,0.01378692624844874
wireless data,0.01378692624844874
new ecosystems,0.01378692624844874
