Word,Probability
unlimited offering,0.055159006728766495
high quality,0.02325452271625144
unlimited world,0.015356169886483556
unlimited offer,0.015356169886483556
single line,0.015356169886483556
wireless plans,0.015356169886483556
retail phone,0.015356169886483556
important thing,0.015356169886483556
important point,0.015356169886483556
entire business,0.015356169886483556
