Word,Probability
wireless service,0.04121361241894939
wireless revenues,0.029890292747270716
big thing,0.029890292747270716
organic basis,0.02747574161263293
back half,0.024448857036534336
wireless trajectory,0.017016296360697996
wireless number,0.017016296360697996
primary driver,0.017016296360697996
right levels,0.017016296360697996
total revenue,0.017016296360697996
