Word,Probability
small cells,0.0720707462613079
strategic agreement,0.026233456889409406
smart cities,0.026233456889409406
small business,0.026233456889409406
single use,0.026233456889409406
optical fiber,0.026233456889409406
adequate supply,0.026233456889409406
,0.0
,0.0
,0.0
