Word,Probability
gross margin,0.18063764051428635
right tool,0.08673344765636867
financial performance,0.08673344765636867
financial model,0.07042535628798648
,0.0
,0.0
,0.0
,0.0
,0.0
,0.0
