Word,Probability
deferred revenue,0.015994911428118964
gross margin,0.013675391993736933
foundry logic,0.01157284373167259
whole lot,0.01157284373167259
senior notes,0.01157284373167259
overall business,0.01157284373167259
convertible notes,0.01157284373167259
volatile memory,0.006566261009013222
reasonable number,0.006566261009013222
multiple factors,0.006566261009013222
