Word,Probability
prepared remarks,0.11859471414238164
practical reality,0.11859471414238164
much uncertainty,0.11859471414238164
definitive law,0.11859471414238164
definitive conversation,0.11859471414238164
close attention,0.11859471414238164
,0.0
,0.0
,0.0
,0.0
