Word,Probability
long term,0.02627156076862035
technical achievement,0.0124714188139233
renewable energy,0.0124714188139233
new threats,0.0124714188139233
new data,0.0124714188139233
scientific advances,0.0124714188139233
national security,0.0124714188139233
major tech,0.0124714188139233
major data,0.0124714188139233
important parts,0.0124714188139233
