Word,Probability
social interaction,0.01945931391800364
daily actives,0.01945931391800364
specific type,0.011001490997917609
specific community,0.011001490997917609
social content,0.011001490997917609
social capital,0.011001490997917609
whole industries,0.011001490997917609
similar interests,0.011001490997917609
public consumption,0.011001490997917609
greater sense,0.011001490997917609
