Word,Probability
false news,0.027733352906761093
long term,0.022019383391372084
sensitive content,0.015679290319866826
problematic content,0.015679290319866826
meaningful connections,0.015679290319866826
meaningful relationships,0.015679290319866826
current model,0.015679290319866826
bad content,0.013866676453380546
,0.0
,0.0
