Word,Probability
bad actors,0.08714774064701807
terrorist propaganda,0.03555839054684084
serious issue,0.03555839054684084
bad behavior,0.03555839054684084
bad content,0.03144764124248803
,0.0
,0.0
,0.0
,0.0
,0.0
