Word,Probability
great question,0.059002047389111814
full guidance,0.059002047389111814
formal guidance,0.059002047389111814
,0.0
,0.0
,0.0
,0.0
,0.0
,0.0
,0.0
