Word,Probability
organic growth,0.026698961103002128
single digit,0.02413319626492233
single digits,0.01564756342283399
adjusted earnings,0.014080858067006017
electric vehicles,0.008980722200621152
organic basis,0.008980722200621152
organic revenue,0.007096659232457889
industrial equipment,0.005070827348143622
global auto,0.005070827348143622
strong growth,0.005070827348143622
