Word,Probability
digital system,0.08329520151560726
whole office,0.0341557991659263
right product,0.0341557991659263
outdated analog,0.0341557991659263
right kind,0.0341557991659263
final comments,0.0341557991659263
different offices,0.0341557991659263
big part,0.0341557991659263
digital format,0.030119282084628156
,0.0
