Word,Probability
specific things,0.043264012276839986
several programs,0.043264012276839986
full arc,0.043264012276839986
current scan,0.043264012276839986
big programs,0.043264012276839986
additional treatment,0.043264012276839986
digital format,0.038151090640528997
,0.0
,0.0
,0.0
