Word,Probability
social media,0.023465369784462675
clear aligners,0.02008226912507927
new programs,0.016970007368933823
significant increase,0.01564357985630845
strong correlation,0.009622144410829321
positive effect,0.009622144410829321
specific products,0.009622144410829321
patient traffic,0.009622144410829321
orthodontic community,0.009622144410829321
online media,0.009622144410829321
