Word,Probability
significant growth,0.018660859552432664
mandibular advancement,0.018660859552432664
clear aligners,0.014722146568747726
unique visitors,0.010580872567705431
new teen,0.010580872567705431
potential patients,0.010580872567705431
key factors,0.010580872567705431
new program,0.010580872567705431
initial update,0.010580872567705431
continued ramp,0.010580872567705431
