Word,Probability
best way,0.04120317789177132
whole thing,0.023362566629493594
underlying drivers,0.023362566629493594
simultaneous actions,0.023362566629493594
big way,0.023362566629493594
better yield,0.023362566629493594
,0.0
,0.0
,0.0
,0.0
