Word,Probability
wide area,0.010249730974386992
new modes,0.010249730974386992
gross margins,0.010249730974386992
high end,0.008078551732119804
good momentum,0.008078551732119804
federal government,0.008078551732119804
cloud customers,0.008078551732119804
cloud providers,0.008078551732119804
new mode,0.005753660275720872
strong start,0.0031916333783852664
