Word,Probability
unallocated cost,0.059036915270555934
quarterly basis,0.059036915270555934
gross margins,0.059036915270555934
corporate cost,0.059036915270555934
material cost,0.033822787824094
big changes,0.033822787824094
legal settlement,0.02524159785225945
,0.0
,0.0
,0.0
