Word,Probability
various areas,0.07413213769664437
small number,0.07413213769664437
important thing,0.07413213769664437
annual plan,0.06469798933759555
,0.0
,0.0
,0.0
,0.0
,0.0
,0.0
