Word,Probability
organic growth,0.1544154465939056
positive thing,0.027331545716439597
relative balance,0.027331545716439597
organic rates,0.027331545716439597
new product,0.027331545716439597
intense focus,0.027331545716439597
good headway,0.027331545716439597
full percentage,0.027331545716439597
best parameter,0.027331545716439597
best customers,0.027331545716439597
