Word,Probability
current run,0.028064433185741405
legal settlement,0.02622503672962021
overall number,0.011713519592759826
different stages,0.011713519592759826
international side,0.011713519592759826
different divisions,0.011713519592759826
organic growth,0.006617804854024526
,0.0
,0.0
,0.0
