Word,Probability
strategic investments,0.05713272424652619
excess tax,0.019118164989191933
total footprint,0.010814609071237538
productive sites,0.010814609071237538
significant items,0.010814609071237538
noticeable part,0.010814609071237538
initial guidance,0.010814609071237538
better clarity,0.010814609071237538
additional footprint,0.010814609071237538
,0.0
