Word,Probability
strategic investments,0.03479844776920199
tax earnings,0.01976091358531776
strategic businesses,0.01976091358531776
operational performance,0.01976091358531776
diluted shares,0.01976091358531776
higher pension,0.01976091358531776
net impact,0.01746676203331489
organic growth,0.009529544356071062
,0.0
,0.0
