Word,Probability
organic growth,0.09336540926074686
single digits,0.06634135165997138
strong growth,0.03932176112654323
prior estimate,0.026336153954537114
double digits,0.026336153954537114
geographic areas,0.019014449808418737
solid growth,0.019014449808418737
strong start,0.01755743596969141
right side,0.010755940305932452
notable strength,0.010755940305932452
