Word,Probability
raw material,0.03434880456806374
organic growth,0.027060309916767826
industrial channel,0.024799506471829158
closer look,0.024799506471829158
free cash,0.022899203045375825
wholesale channel,0.014028384408444918
residual cost,0.014028384408444918
strategic tax,0.014028384408444918
stronger sell,0.014028384408444918
various components,0.014028384408444918
