Word,Probability
material basis,0.07080994034738863
exact timing,0.07080994034738863
consistent strength,0.07080994034738863
,0.0
,0.0
,0.0
,0.0
,0.0
,0.0
,0.0
