Word,Probability
current market,0.016087016629691756
ammonia prices,0.016087016629691756
natural gas,0.016087016629691756
ammonia supply,0.016087016629691756
brine management,0.016087016629691756
gross margin,0.012570896122374277
upfront capital,0.00916124664549214
phosphate shipping,0.00916124664549214
raw materials,0.00916124664549214
ongoing focus,0.00916124664549214
