Word,Probability
unusual items,0.03267334786282457
successful iron,0.03267334786282457
significant chunk,0.03267334786282457
operational costs,0.03267334786282457
major movement,0.03267334786282457
better performance,0.03267334786282457
financial performance,0.028686963180693102
,0.0
,0.0
,0.0
