Word,Probability
gross margin,0.10411064305375743
top end,0.03793616899509161
strong operating,0.03793616899509161
meaningful improvements,0.03793616899509161
negative impact,0.03793616899509161
high demand,0.03793616899509161
combined effect,0.03793616899509161
additional supply,0.03793616899509161
financial performance,0.033307682082281256
,0.0
