Word,Probability
vast proportion,0.02869283847852107
small capital,0.02869283847852107
severance charge,0.02869283847852107
operational savings,0.02869283847852107
low watermark,0.02869283847852107
less capital,0.02869283847852107
interesting issues,0.02869283847852107
financial perspective,0.02869283847852107
best assets,0.02869283847852107
,0.0
