Word,Probability
next couple,0.013728782047400854
optimal azimuth,0.013728782047400854
free cash,0.01269518247836884
vast majority,0.007750006812866682
total company,0.007750006812866682
strategic testing,0.007750006812866682
operational review,0.007750006812866682
international opportunity,0.007750006812866682
overall production,0.007750006812866682
positive assets,0.007750006812866682
