Word,Probability
wet gas,0.03952191446015048
dry gas,0.018242674611537762
longer laterals,0.018242674611537762
whole hydro,0.010298135117608197
middle part,0.010298135117608197
many landing,0.010298135117608197
material ramp,0.010298135117608197
larger fracs,0.010298135117608197
vast resource,0.010298135117608197
customized zone,0.010298135117608197
