Word,Probability
lower commodity,0.01589444997291765
structural efficiencies,0.009703058288982363
prolonged production,0.009703058288982363
strategic response,0.009703058288982363
significant cost,0.009703058288982363
quarterly growth,0.009703058288982363
operational improvements,0.009703058288982363
overhead structure,0.009703058288982363
operational capabilities,0.009703058288982363
strict capital,0.009703058288982363
