Word,Probability
wet gas,0.037539423605353284
well pad,0.029344685990466076
thick hydrocarbon,0.029344685990466076
residue gas,0.029344685990466076
next steps,0.029344685990466076
major line,0.029344685990466076
necessary compression,0.029344685990466076
multiple pipeline,0.029344685990466076
major transportation,0.029344685990466076
centralized processing,0.029344685990466076
