Word,Probability
high end,0.055665943534241646
financial model,0.055665943534241646
gross margin,0.055665943534241646
overall business,0.03433524402258197
low point,0.03433524402258197
gross margins,0.03433524402258197
good guideposts,0.03433524402258197
better profitability,0.03433524402258197
back half,0.03433524402258197
,0.0
