Word,Probability
strong revenue,0.021685417277420193
solid cash,0.021685417277420193
right time,0.021685417277420193
right products,0.021685417277420193
right place,0.021685417277420193
quarterly earnings,0.021685417277420193
healthy cash,0.021685417277420193
encouraged today,0.021685417277420193
,0.0
,0.0
