Word,Probability
convertible notes,0.019382801307519352
total system,0.011008246175178954
record shipment,0.011008246175178954
dilutive impact,0.011008246175178954
foundry segment,0.011008246175178954
average price,0.011008246175178954
certain tax,0.011008246175178954
accelerated share,0.011008246175178954
gross margin,0.008923548200145608
,0.0
