Word,Probability
net sales,0.02746554954361391
retail takeaway,0.01997599507436846
back part,0.009009274124840124
retail sales,0.009009274124840124
strong growth,0.009009274124840124
nice growth,0.009009274124840124
crunchy cookie,0.009009274124840124
everyday business,0.009009274124840124
higher levels,0.009009274124840124
big piece,0.009009274124840124
