Word,Probability
new business,0.10179747176288369
historical data,0.031046929247898036
strange way,0.012582485416798819
small business,0.012582485416798819
prior period,0.012582485416798819
right strategy,0.012582485416798819
organic revenue,0.012582485416798819
historical growth,0.012582485416798819
diluted earnings,0.012582485416798819
constant dollar,0.012582485416798819
