Word,Probability
new business,0.017738535264513872
better workforce,0.015574308137491881
strategic acquisition,0.008770153419959346
steady company,0.008770153419959346
robust dataset,0.008770153419959346
tight labor,0.008770153419959346
potential change,0.008770153419959346
major impact,0.008770153419959346
fantastic question,0.008770153419959346
innovative talent,0.008770153419959346
