Word,Probability
short term,0.06800458770594281
uncertain times,0.03829452083373553
related hesitancy,0.03829452083373553
inevitable pickup,0.03829452083373553
historical track,0.03829452083373553
economic activity,0.03829452083373553
current uncertainty,0.03829452083373553
,0.0
,0.0
,0.0
