Word,Probability
new products,0.02309860468492994
particular party,0.02309860468492994
immediate game,0.02309860468492994
strategic opportunity,0.013007210662935484
tighter labor,0.013007210662935484
strategic standpoint,0.013007210662935484
many employers,0.013007210662935484
public policy,0.013007210662935484
smooth line,0.013007210662935484
new wins,0.013007210662935484
