Word,Probability
difficult grow,0.026054843391784165
lower inflation,0.019870669003006883
slower growth,0.019870669003006883
new business,0.011315962151500228
strong position,0.011189506087534338
small businesses,0.011189506087534338
slow decision,0.011189506087534338
moot point,0.011189506087534338
much difficulty,0.011189506087534338
slight slowing,0.011189506087534338
