Word,Probability
affected area,0.04383111193349021
new programs,0.0317583631989101
different verticals,0.018055473507736217
great vertical,0.018055473507736217
corporate leverage,0.018055473507736217
available liquidity,0.018055473507736217
annual basis,0.018055473507736217
affected person,0.018055473507736217
,0.0
,0.0
