Word,Probability
cathartic process,0.07631446802603174
biggest thing,0.07631446802603174
,0.0
,0.0
,0.0
,0.0
,0.0
,0.0
,0.0
,0.0
