Word,Probability
gross loss,0.026516149776558005
gross yield,0.01921259758407348
lower loss,0.01921259758407348
annual guidance,0.01921259758407348
slight benefit,0.010922872331970191
lower tax,0.010922872331970191
negative impact,0.010922872331970191
promising turnaround,0.010922872331970191
effective tax,0.010922872331970191
,0.0
