Word,Probability
important part,0.07837712763213557
real changes,0.04836758162678077
higher supply,0.04836758162678077
,0.0
,0.0
,0.0
,0.0
,0.0
,0.0
,0.0
