Word,Probability
technological investments,0.01409111152522207
moderate yield,0.01409111152522207
financial metrics,0.01409111152522207
bottom line,0.01409111152522207
strong results,0.008005204747686944
large yield,0.008005204747686944
less change,0.008005204747686944
financial targets,0.008005204747686944
digital system,0.008005204747686944
digital investments,0.008005204747686944
