Word,Probability
medical facilities,0.06324991443502102
fantastic vacations,0.06324991443502102
active vacation,0.06324991443502102
,0.0
,0.0
,0.0
,0.0
,0.0
,0.0
,0.0
