Word,Probability
residential areas,0.015144258873893379
new ships,0.015144258873893379
sweet spot,0.008603501066647104
quiet spaces,0.008603501066647104
original state,0.008603501066647104
less damage,0.008603501066647104
important tourism,0.008603501066647104
higher yields,0.008603501066647104
economic recovery,0.008603501066647104
broader choice,0.008603501066647104
