Word,Probability
rapid recovery,0.05536343817833153
several weeks,0.03145214324364433
major hurricanes,0.03145214324364433
direct cost,0.03145214324364433
detailed rollouts,0.03145214324364433
corresponding delay,0.03145214324364433
,0.0
,0.0
,0.0
,0.0
