Word,Probability
strong economy,0.05093577180165409
primary concern,0.05093577180165409
nice way,0.05093577180165409
new consumer,0.05093577180165409
new appliances,0.05093577180165409
interested today,0.05093577180165409
important consumer,0.05093577180165409
high level,0.05093577180165409
high demand,0.05093577180165409
good economy,0.05093577180165409
