Word,Probability
organic growth,0.06829986616384372
original guidance,0.049476918937444006
legal planning,0.028120452438623492
advisory fees,0.028120452438623492
additional stock,0.028120452438623492
net cash,0.02276662205461457
,0.0
,0.0
,0.0
,0.0
