Word,Probability
incremental margins,0.03438500891589828
light vehicle,0.023144805145222786
organic sales,0.023144805145222786
diluted share,0.023144805145222786
comparable basis,0.023144805145222786
incremental margin,0.023144805145222786
higher sales,0.016766264889100626
corporate costs,0.016766264889100626
net cash,0.015429870096815191
organic basis,0.009529189862922246
