Word,Probability
commercial vehicle,0.076766791721345
new product,0.047409688408918946
largest customers,0.047409688408918946
impending electrification,0.047409688408918946
,0.0
,0.0
,0.0
,0.0
,0.0
,0.0
