Word,Probability
certain advertising,0.11960659520238377
branded credit,0.11960659520238377
,0.0
,0.0
,0.0
,0.0
,0.0
,0.0
,0.0
,0.0
