Word,Probability
financial results,0.058966974213797374
actual results,0.034656901352298354
subsequent filings,0.019934432533730628
legal settlements,0.019934432533730628
appropriate assumptions,0.019934432533730628
additional disclosures,0.019934432533730628
additional business,0.019934432533730628
,0.0
,0.0
,0.0
