Word,Probability
vast selection,0.019563904047973552
strong convenience,0.019563904047973552
small startups,0.019563904047973552
public environment,0.019563904047973552
public company,0.019563904047973552
large enterprise,0.019563904047973552
faster shipping,0.019563904047973552
active customers,0.019563904047973552
active customer,0.019563904047973552
absolute number,0.019563904047973552
