Word,Probability
adjusted tax,0.020542706356397714
net sales,0.016200796961497354
total company,0.015870986982030877
free cash,0.014596418973020893
strong margin,0.00902867430507988
right zone,0.00902867430507988
significant gap,0.00902867430507988
significant progress,0.00902867430507988
quarterly core,0.00902867430507988
key brands,0.00902867430507988
