Word,Probability
total segment,0.05313657906909337
diluted earnings,0.05313657906909337
diluted shares,0.038517664560236475
net sales,0.029488566007802395
recent innovation,0.021911898025020787
net reduction,0.021911898025020787
lower input,0.021911898025020787
lower sales,0.021911898025020787
continued momentum,0.021911898025020787
certain items,0.021911898025020787
