Word,Probability
net sales,0.19929581308025474
retail segment,0.026133456360116537
organic sales,0.026133456360116537
measured channels,0.026133456360116537
frozen dough,0.026133456360116537
hot snacks,0.026133456360116537
double digit,0.026133456360116537
net price,0.022969249508397897
extra month,0.022969249508397897
fiscal calendar,0.022969249508397897
