Word,Probability
joint ventures,0.07033448748772105
challenging environment,0.07033448748772105
joint venture,0.07033448748772105
biggest driver,0.07033448748772105
net sales,0.03155155210711367
,0.0
,0.0
,0.0
,0.0
,0.0
