Word,Probability
formulary coverage,0.03974393622514099
long term,0.01512420468015415
strong growth,0.012045516306758751
international business,0.011175693690523042
marketed products,0.006767667929914003
top product,0.006767667929914003
strong prescription,0.006767667929914003
positive outlook,0.006767667929914003
generic pressure,0.006767667929914003
main point,0.006767667929914003
