Word,Probability
new patients,0.01711828351098334
chronic migraine,0.01711828351098334
good sign,0.01711828351098334
aesthetic procedure,0.01711828351098334
new label,0.009617757793200912
proper context,0.009617757793200912
new patient,0.009617757793200912
large pool,0.009617757793200912
long runway,0.009617757793200912
monthly basis,0.009617757793200912
