Word,Probability
perfect timing,0.33054714941895763
competitive activity,0.33054714941895763
,0.0
,0.0
,0.0
,0.0
,0.0
,0.0
,0.0
,0.0
