Word,Probability
residential customers,0.056065961156664644
terrific results,0.034317596780404955
total video,0.034317596780404955
strong performance,0.034317596780404955
positive benefits,0.034317596780404955
meaningful strides,0.034317596780404955
lowest levels,0.034317596780404955
key driver,0.034317596780404955
higher customer,0.034317596780404955
healthy customer,0.034317596780404955
