Word,Probability
higher programming,0.04943654007395092
theatrical revenue,0.020173181891183996
successful renewals,0.020173181891183996
strong revenue,0.020173181891183996
real discipline,0.020173181891183996
strong performances,0.020173181891183996
programming operating,0.020173181891183996
positive contribution,0.020173181891183996
financial performance,0.020173181891183996
continued success,0.020173181891183996
