Word,Probability
programming expenses,0.035779602942752224
residential customer,0.015023221710695067
free cash,0.015023221710695067
higher rates,0.015023221710695067
political revenue,0.008493971322603787
total revenue,0.008493971322603787
great track,0.008493971322603787
earlier stage,0.008493971322603787
new label,0.008493971322603787
political contribution,0.008493971322603787
