Word,Probability
good start,0.011163939758876364
strong operating,0.007972200035248601
total backlog,0.007972200035248601
new revenue,0.007972200035248601
green aircraft,0.007972200035248601
net earnings,0.007972200035248601
sequential basis,0.007972200035248601
new business,0.004439282840658269
positive operating,0.004439282840658269
sequential result,0.004439282840658269
