Word,Probability
international units,0.02661932123332849
good taste,0.02661932123332849
,0.0
,0.0
,0.0
,0.0
,0.0
,0.0
,0.0
,0.0
