Word,Probability
better pizza,0.03236483294375027
successful rollout,0.018250971743809057
unmatched franchise,0.018250971743809057
online guests,0.018250971743809057
national pizza,0.018250971743809057
key countries,0.018250971743809057
repeatable model,0.018250971743809057
hot pizza,0.018250971743809057
easy components,0.018250971743809057
centric alignment,0.018250971743809057
