Word,Probability
great thing,0.11749841525231075
social media,0.06625896263513288
positive sentiment,0.06625896263513288
creative twist,0.06625896263513288
,0.0
,0.0
,0.0
,0.0
,0.0
,0.0
