Word,Probability
key growth,0.020086484897144256
new units,0.016858853381568107
small box,0.016858853381568107
relevant brands,0.01340940124223044
new unit,0.01340940124223044
national advertising,0.00966028078928739
unrivaled culture,0.00966028078928739
digital delivery,0.00966028078928739
international markets,0.00966028078928739
several items,0.0054475643989564115
