Word,Probability
ongoing expense,0.029402611802916784
cash stock,0.029402611802916784
total revenue,0.023528969935108644
cash expense,0.023528969935108644
upfront cash,0.017078868926021507
significant portion,0.009734438644136173
previous slide,0.009734438644136173
left hand,0.009734438644136173
new indications,0.009734438644136173
extensive product,0.009734438644136173
