Word,Probability
total cost,0.11701606453472024
fair market,0.1026511184407751
contingent consideration,0.1026511184407751
net product,0.08006312779044156
,0.0
,0.0
,0.0
,0.0
,0.0
,0.0
