Word,Probability
net product,0.09704621550356553
net adjustment,0.08568336873880296
net sales,0.04977023924401218
,0.0
,0.0
,0.0
,0.0
,0.0
,0.0
,0.0
